DeepCSVC;OperatingPoint,measurementType,sysType,jetFlavor,etaMin,etaMax,ptMin,ptMax,discrMin,discrMax,formula
0,TnP,central,0,-2.4,2.4,30.0,50.0,0.0,1.0,"0.992235799093"
0,TnP,down,0,-2.4,2.4,30.0,50.0,0.0,1.0,"0.961522030836"
0,TnP,up,0,-2.4,2.4,30.0,50.0,0.0,1.0,"1.02294956735"
0,TnP,down_jer,0,-2.4,2.4,30.0,50.0,0.0,1.0,"0.987601887857"
0,TnP,up_jer,0,-2.4,2.4,30.0,50.0,0.0,1.0,"0.99686971033"
0,TnP,down_jes,0,-2.4,2.4,30.0,50.0,0.0,1.0,"0.99216275493"
0,TnP,up_jes,0,-2.4,2.4,30.0,50.0,0.0,1.0,"0.992308843257"
0,TnP,down_bdecay,0,-2.4,2.4,30.0,50.0,0.0,1.0,"0.992132774959"
0,TnP,up_bdecay,0,-2.4,2.4,30.0,50.0,0.0,1.0,"0.992338823227"
0,TnP,down_bkg,0,-2.4,2.4,30.0,50.0,0.0,1.0,"0.986498106992"
0,TnP,up_bkg,0,-2.4,2.4,30.0,50.0,0.0,1.0,"0.997973491195"
0,TnP,down_isr,0,-2.4,2.4,30.0,50.0,0.0,1.0,"0.991526065761"
0,TnP,up_isr,0,-2.4,2.4,30.0,50.0,0.0,1.0,"0.992945532425"
0,TnP,down_fsr,0,-2.4,2.4,30.0,50.0,0.0,1.0,"0.991857937351"
0,TnP,up_fsr,0,-2.4,2.4,30.0,50.0,0.0,1.0,"0.992613660835"
0,TnP,down_mescales,0,-2.4,2.4,30.0,50.0,0.0,1.0,"0.988838456248"
0,TnP,up_mescales,0,-2.4,2.4,30.0,50.0,0.0,1.0,"0.995633141939"
0,TnP,down_bfragmentation,0,-2.4,2.4,30.0,50.0,0.0,1.0,"0.990630177703"
0,TnP,up_bfragmentation,0,-2.4,2.4,30.0,50.0,0.0,1.0,"0.993841420483"
0,TnP,down_statistic,0,-2.4,2.4,30.0,50.0,0.0,1.0,"0.979166966606"
0,TnP,up_statistic,0,-2.4,2.4,30.0,50.0,0.0,1.0,"1.00530463158"
0,TnP,down_pileup,0,-2.4,2.4,30.0,50.0,0.0,1.0,"0.988551997248"
0,TnP,up_pileup,0,-2.4,2.4,30.0,50.0,0.0,1.0,"0.995919600939"
0,TnP,down_topmass,0,-2.4,2.4,30.0,50.0,0.0,1.0,"0.99162847703"
0,TnP,up_topmass,0,-2.4,2.4,30.0,50.0,0.0,1.0,"0.992843121156"
0,TnP,down_tune,0,-2.4,2.4,30.0,50.0,0.0,1.0,"0.991957953462"
0,TnP,up_tune,0,-2.4,2.4,30.0,50.0,0.0,1.0,"0.992513644725"
0,TnP,central,0,-2.4,2.4,50.0,70.0,0.0,1.0,"0.961575904963"
0,TnP,down,0,-2.4,2.4,50.0,70.0,0.0,1.0,"0.929346986188"
0,TnP,up,0,-2.4,2.4,50.0,70.0,0.0,1.0,"0.993804823737"
0,TnP,down_jer,0,-2.4,2.4,50.0,70.0,0.0,1.0,"0.961302487373"
0,TnP,up_jer,0,-2.4,2.4,50.0,70.0,0.0,1.0,"0.961849322552"
0,TnP,down_jes,0,-2.4,2.4,50.0,70.0,0.0,1.0,"0.959894885039"
0,TnP,up_jes,0,-2.4,2.4,50.0,70.0,0.0,1.0,"0.963256924887"
0,TnP,down_bkg,0,-2.4,2.4,50.0,70.0,0.0,1.0,"0.946872366644"
0,TnP,up_bkg,0,-2.4,2.4,50.0,70.0,0.0,1.0,"0.976279443281"
0,TnP,down_isr,0,-2.4,2.4,50.0,70.0,0.0,1.0,"0.961250141455"
0,TnP,up_isr,0,-2.4,2.4,50.0,70.0,0.0,1.0,"0.96190166847"
0,TnP,down_mescales,0,-2.4,2.4,50.0,70.0,0.0,1.0,"0.960442163436"
0,TnP,up_mescales,0,-2.4,2.4,50.0,70.0,0.0,1.0,"0.962709646489"
0,TnP,down_bfragmentation,0,-2.4,2.4,50.0,70.0,0.0,1.0,"0.956139169287"
0,TnP,up_bfragmentation,0,-2.4,2.4,50.0,70.0,0.0,1.0,"0.967012640638"
0,TnP,down_statistic,0,-2.4,2.4,50.0,70.0,0.0,1.0,"0.943566055145"
0,TnP,up_statistic,0,-2.4,2.4,50.0,70.0,0.0,1.0,"0.97958575478"
0,TnP,down_pileup,0,-2.4,2.4,50.0,70.0,0.0,1.0,"0.961187561682"
0,TnP,up_pileup,0,-2.4,2.4,50.0,70.0,0.0,1.0,"0.961964248243"
0,TnP,down_topmass,0,-2.4,2.4,50.0,70.0,0.0,1.0,"0.960620827305"
0,TnP,up_topmass,0,-2.4,2.4,50.0,70.0,0.0,1.0,"0.96253098262"
0,TnP,down_tune,0,-2.4,2.4,50.0,70.0,0.0,1.0,"0.960148415699"
0,TnP,up_tune,0,-2.4,2.4,50.0,70.0,0.0,1.0,"0.963003394227"
0,TnP,central,0,-2.4,2.4,70.0,100.0,0.0,1.0,"1.01918022975"
0,TnP,down,0,-2.4,2.4,70.0,100.0,0.0,1.0,"0.993500316831"
0,TnP,up,0,-2.4,2.4,70.0,100.0,0.0,1.0,"1.04486014267"
0,TnP,down_jer,0,-2.4,2.4,70.0,100.0,0.0,1.0,"1.01906674225"
0,TnP,up_jer,0,-2.4,2.4,70.0,100.0,0.0,1.0,"1.01929371725"
0,TnP,down_jes,0,-2.4,2.4,70.0,100.0,0.0,1.0,"1.0179313356"
0,TnP,up_jes,0,-2.4,2.4,70.0,100.0,0.0,1.0,"1.0204291239"
0,TnP,down_bkg,0,-2.4,2.4,70.0,100.0,0.0,1.0,"1.00555809441"
0,TnP,up_bkg,0,-2.4,2.4,70.0,100.0,0.0,1.0,"1.03280236509"
0,TnP,down_isr,0,-2.4,2.4,70.0,100.0,0.0,1.0,"1.01887959359"
0,TnP,up_isr,0,-2.4,2.4,70.0,100.0,0.0,1.0,"1.01948086591"
0,TnP,down_fsr,0,-2.4,2.4,70.0,100.0,0.0,1.0,"1.0184703475"
0,TnP,up_fsr,0,-2.4,2.4,70.0,100.0,0.0,1.0,"1.019890112"
0,TnP,down_mescales,0,-2.4,2.4,70.0,100.0,0.0,1.0,"1.0161933563"
0,TnP,up_mescales,0,-2.4,2.4,70.0,100.0,0.0,1.0,"1.0221671032"
0,TnP,down_bfragmentation,0,-2.4,2.4,70.0,100.0,0.0,1.0,"1.01618473759"
0,TnP,up_bfragmentation,0,-2.4,2.4,70.0,100.0,0.0,1.0,"1.02217572191"
0,TnP,down_statistic,0,-2.4,2.4,70.0,100.0,0.0,1.0,"1.00298434576"
0,TnP,up_statistic,0,-2.4,2.4,70.0,100.0,0.0,1.0,"1.03537611374"
0,TnP,down_pileup,0,-2.4,2.4,70.0,100.0,0.0,1.0,"1.01903009899"
0,TnP,up_pileup,0,-2.4,2.4,70.0,100.0,0.0,1.0,"1.01933036051"
0,TnP,down_topmass,0,-2.4,2.4,70.0,100.0,0.0,1.0,"1.01841977581"
0,TnP,up_topmass,0,-2.4,2.4,70.0,100.0,0.0,1.0,"1.01994068369"
0,TnP,down_tune,0,-2.4,2.4,70.0,100.0,0.0,1.0,"1.01594425043"
0,TnP,up_tune,0,-2.4,2.4,70.0,100.0,0.0,1.0,"1.02241620907"
0,TnP,central,0,-2.4,2.4,100.0,140.0,0.0,1.0,"0.996774233463"
0,TnP,down,0,-2.4,2.4,100.0,140.0,0.0,1.0,"0.978102190059"
0,TnP,up,0,-2.4,2.4,100.0,140.0,0.0,1.0,"1.01544627687"
0,TnP,down_jer,0,-2.4,2.4,100.0,140.0,0.0,1.0,"0.995031629137"
0,TnP,up_jer,0,-2.4,2.4,100.0,140.0,0.0,1.0,"0.998516837788"
0,TnP,down_jes,0,-2.4,2.4,100.0,140.0,0.0,1.0,"0.994912237375"
0,TnP,up_jes,0,-2.4,2.4,100.0,140.0,0.0,1.0,"0.998636229551"
0,TnP,down_bdecay,0,-2.4,2.4,100.0,140.0,0.0,1.0,"0.996735035055"
0,TnP,up_bdecay,0,-2.4,2.4,100.0,140.0,0.0,1.0,"0.99681343187"
0,TnP,down_bkg,0,-2.4,2.4,100.0,140.0,0.0,1.0,"0.9916684489"
0,TnP,up_bkg,0,-2.4,2.4,100.0,140.0,0.0,1.0,"1.00188001803"
0,TnP,down_isr,0,-2.4,2.4,100.0,140.0,0.0,1.0,"0.996420973356"
0,TnP,up_isr,0,-2.4,2.4,100.0,140.0,0.0,1.0,"0.99712749357"
0,TnP,down_fsr,0,-2.4,2.4,100.0,140.0,0.0,1.0,"0.996309830732"
0,TnP,up_fsr,0,-2.4,2.4,100.0,140.0,0.0,1.0,"0.997238636193"
0,TnP,down_mescales,0,-2.4,2.4,100.0,140.0,0.0,1.0,"0.995069815816"
0,TnP,up_mescales,0,-2.4,2.4,100.0,140.0,0.0,1.0,"0.998478651109"
0,TnP,down_bfragmentation,0,-2.4,2.4,100.0,140.0,0.0,1.0,"0.995976244998"
0,TnP,up_bfragmentation,0,-2.4,2.4,100.0,140.0,0.0,1.0,"0.997572221928"
0,TnP,down_statistic,0,-2.4,2.4,100.0,140.0,0.0,1.0,"0.990430474919"
0,TnP,up_statistic,0,-2.4,2.4,100.0,140.0,0.0,1.0,"1.00311799201"
0,TnP,down_pileup,0,-2.4,2.4,100.0,140.0,0.0,1.0,"0.994962758078"
0,TnP,up_pileup,0,-2.4,2.4,100.0,140.0,0.0,1.0,"0.998585708847"
0,TnP,down_topmass,0,-2.4,2.4,100.0,140.0,0.0,1.0,"0.995050601673"
0,TnP,up_topmass,0,-2.4,2.4,100.0,140.0,0.0,1.0,"0.998497865252"
0,TnP,down_tune,0,-2.4,2.4,100.0,140.0,0.0,1.0,"0.995518264302"
0,TnP,up_tune,0,-2.4,2.4,100.0,140.0,0.0,1.0,"0.998030202623"
0,TnP,central,0,-2.4,2.4,140.0,200.0,0.0,1.0,"1.05379034992"
0,TnP,down,0,-2.4,2.4,140.0,200.0,0.0,1.0,"1.03194729083"
0,TnP,up,0,-2.4,2.4,140.0,200.0,0.0,1.0,"1.075633409"
0,TnP,down_jer,0,-2.4,2.4,140.0,200.0,0.0,1.0,"1.05336093919"
0,TnP,up_jer,0,-2.4,2.4,140.0,200.0,0.0,1.0,"1.05421976065"
0,TnP,down_jes,0,-2.4,2.4,140.0,200.0,0.0,1.0,"1.05252304502"
0,TnP,up_jes,0,-2.4,2.4,140.0,200.0,0.0,1.0,"1.05505765482"
0,TnP,down_bdecay,0,-2.4,2.4,140.0,200.0,0.0,1.0,"1.0537697968"
0,TnP,up_bdecay,0,-2.4,2.4,140.0,200.0,0.0,1.0,"1.05381090304"
0,TnP,down_bkg,0,-2.4,2.4,140.0,200.0,0.0,1.0,"1.04990877007"
0,TnP,up_bkg,0,-2.4,2.4,140.0,200.0,0.0,1.0,"1.05767192977"
0,TnP,down_isr,0,-2.4,2.4,140.0,200.0,0.0,1.0,"1.05360118857"
0,TnP,up_isr,0,-2.4,2.4,140.0,200.0,0.0,1.0,"1.05397951127"
0,TnP,down_fsr,0,-2.4,2.4,140.0,200.0,0.0,1.0,"1.05345460358"
0,TnP,up_fsr,0,-2.4,2.4,140.0,200.0,0.0,1.0,"1.05412609626"
0,TnP,down_mescales,0,-2.4,2.4,140.0,200.0,0.0,1.0,"1.05220332382"
0,TnP,up_mescales,0,-2.4,2.4,140.0,200.0,0.0,1.0,"1.05537737601"
0,TnP,down_bfragmentation,0,-2.4,2.4,140.0,200.0,0.0,1.0,"1.05265477322"
0,TnP,up_bfragmentation,0,-2.4,2.4,140.0,200.0,0.0,1.0,"1.05492592661"
0,TnP,down_statistic,0,-2.4,2.4,140.0,200.0,0.0,1.0,"1.04900762234"
0,TnP,up_statistic,0,-2.4,2.4,140.0,200.0,0.0,1.0,"1.05857307749"
0,TnP,down_pileup,0,-2.4,2.4,140.0,200.0,0.0,1.0,"1.05281560746"
0,TnP,up_pileup,0,-2.4,2.4,140.0,200.0,0.0,1.0,"1.05476509238"
0,TnP,down_topmass,0,-2.4,2.4,140.0,200.0,0.0,1.0,"1.05180738269"
0,TnP,up_topmass,0,-2.4,2.4,140.0,200.0,0.0,1.0,"1.05577331714"
0,TnP,down_tune,0,-2.4,2.4,140.0,200.0,0.0,1.0,"1.05305815828"
0,TnP,up_tune,0,-2.4,2.4,140.0,200.0,0.0,1.0,"1.05452254155"
0,TnP,central,0,-2.4,2.4,200.0,300.0,0.0,1.0,"1.03873885457"
0,TnP,down,0,-2.4,2.4,200.0,300.0,0.0,1.0,"0.996568385942"
0,TnP,up,0,-2.4,2.4,200.0,300.0,0.0,1.0,"1.0809093232"
0,TnP,down_jer,0,-2.4,2.4,200.0,300.0,0.0,1.0,"1.03665155412"
0,TnP,up_jer,0,-2.4,2.4,200.0,300.0,0.0,1.0,"1.04082615502"
0,TnP,down_jes,0,-2.4,2.4,200.0,300.0,0.0,1.0,"1.0326640186"
0,TnP,up_jes,0,-2.4,2.4,200.0,300.0,0.0,1.0,"1.04481369054"
0,TnP,down_bdecay,0,-2.4,2.4,200.0,300.0,0.0,1.0,"1.03864196257"
0,TnP,up_bdecay,0,-2.4,2.4,200.0,300.0,0.0,1.0,"1.03883574657"
0,TnP,down_bkg,0,-2.4,2.4,200.0,300.0,0.0,1.0,"1.03280120283"
0,TnP,up_bkg,0,-2.4,2.4,200.0,300.0,0.0,1.0,"1.04467650631"
0,TnP,down_isr,0,-2.4,2.4,200.0,300.0,0.0,1.0,"1.03865523055"
0,TnP,up_isr,0,-2.4,2.4,200.0,300.0,0.0,1.0,"1.03882247859"
0,TnP,down_fsr,0,-2.4,2.4,200.0,300.0,0.0,1.0,"1.03853459795"
0,TnP,up_fsr,0,-2.4,2.4,200.0,300.0,0.0,1.0,"1.03894311119"
0,TnP,down_mescales,0,-2.4,2.4,200.0,300.0,0.0,1.0,"1.03426674106"
0,TnP,up_mescales,0,-2.4,2.4,200.0,300.0,0.0,1.0,"1.04321096808"
0,TnP,down_bfragmentation,0,-2.4,2.4,200.0,300.0,0.0,1.0,"1.03604577767"
0,TnP,up_bfragmentation,0,-2.4,2.4,200.0,300.0,0.0,1.0,"1.04143193147"
0,TnP,down_statistic,0,-2.4,2.4,200.0,300.0,0.0,1.0,"1.026484676"
0,TnP,up_statistic,0,-2.4,2.4,200.0,300.0,0.0,1.0,"1.05099303314"
0,TnP,down_pileup,0,-2.4,2.4,200.0,300.0,0.0,1.0,"1.03465247172"
0,TnP,up_pileup,0,-2.4,2.4,200.0,300.0,0.0,1.0,"1.04282523742"
0,TnP,down_topmass,0,-2.4,2.4,200.0,300.0,0.0,1.0,"1.03105851273"
0,TnP,up_topmass,0,-2.4,2.4,200.0,300.0,0.0,1.0,"1.04641919641"
0,TnP,down_tune,0,-2.4,2.4,200.0,300.0,0.0,1.0,"1.03239056033"
0,TnP,up_tune,0,-2.4,2.4,200.0,300.0,0.0,1.0,"1.04508714881"
0,TnP,central,0,-2.4,2.4,300.0,600.0,0.0,1.0,"0.868486831588"
0,TnP,down,0,-2.4,2.4,300.0,600.0,0.0,1.0,"0.66540635756"
0,TnP,up,0,-2.4,2.4,300.0,600.0,0.0,1.0,"1.07156730562"
0,TnP,down_jer,0,-2.4,2.4,300.0,600.0,0.0,1.0,"0.861251993502"
0,TnP,up_jer,0,-2.4,2.4,300.0,600.0,0.0,1.0,"0.875721669675"
0,TnP,down_jes,0,-2.4,2.4,300.0,600.0,0.0,1.0,"0.849693518546"
0,TnP,up_jes,0,-2.4,2.4,300.0,600.0,0.0,1.0,"0.887280144631"
0,TnP,down_bdecay,0,-2.4,2.4,300.0,600.0,0.0,1.0,"0.868177983525"
0,TnP,up_bdecay,0,-2.4,2.4,300.0,600.0,0.0,1.0,"0.868795679651"
0,TnP,down_bkg,0,-2.4,2.4,300.0,600.0,0.0,1.0,"0.860802561312"
0,TnP,up_bkg,0,-2.4,2.4,300.0,600.0,0.0,1.0,"0.876171101864"
0,TnP,down_isr,0,-2.4,2.4,300.0,600.0,0.0,1.0,"0.868140979358"
0,TnP,up_isr,0,-2.4,2.4,300.0,600.0,0.0,1.0,"0.868832683819"
0,TnP,down_fsr,0,-2.4,2.4,300.0,600.0,0.0,1.0,"0.867156555539"
0,TnP,up_fsr,0,-2.4,2.4,300.0,600.0,0.0,1.0,"0.869817107637"
0,TnP,down_mescales,0,-2.4,2.4,300.0,600.0,0.0,1.0,"0.866659690929"
0,TnP,up_mescales,0,-2.4,2.4,300.0,600.0,0.0,1.0,"0.870313972247"
0,TnP,down_bfragmentation,0,-2.4,2.4,300.0,600.0,0.0,1.0,"0.863104696156"
0,TnP,up_bfragmentation,0,-2.4,2.4,300.0,600.0,0.0,1.0,"0.873868967021"
0,TnP,down_statistic,0,-2.4,2.4,300.0,600.0,0.0,1.0,"0.839885029864"
0,TnP,up_statistic,0,-2.4,2.4,300.0,600.0,0.0,1.0,"0.897088633313"
0,TnP,down_pileup,0,-2.4,2.4,300.0,600.0,0.0,1.0,"0.851763463444"
0,TnP,up_pileup,0,-2.4,2.4,300.0,600.0,0.0,1.0,"0.885210199732"
0,TnP,down_topmass,0,-2.4,2.4,300.0,600.0,0.0,1.0,"0.855359696347"
0,TnP,up_topmass,0,-2.4,2.4,300.0,600.0,0.0,1.0,"0.881613966829"
0,TnP,down_tune,0,-2.4,2.4,300.0,600.0,0.0,1.0,"0.860386161071"
0,TnP,up_tune,0,-2.4,2.4,300.0,600.0,0.0,1.0,"0.876587502105"
1,TnP,central,0,-2.4,2.4,30.0,50.0,0.0,1.0,"0.961959863916"
1,TnP,down,0,-2.4,2.4,30.0,50.0,0.0,1.0,"0.93820484305"
1,TnP,up,0,-2.4,2.4,30.0,50.0,0.0,1.0,"0.985714884782"
1,TnP,down_jer,0,-2.4,2.4,30.0,50.0,0.0,1.0,"0.95863414934"
1,TnP,up_jer,0,-2.4,2.4,30.0,50.0,0.0,1.0,"0.965285578492"
1,TnP,down_jes,0,-2.4,2.4,30.0,50.0,0.0,1.0,"0.959120412051"
1,TnP,up_jes,0,-2.4,2.4,30.0,50.0,0.0,1.0,"0.964799315781"
1,TnP,down_bkg,0,-2.4,2.4,30.0,50.0,0.0,1.0,"0.960338672931"
1,TnP,up_bkg,0,-2.4,2.4,30.0,50.0,0.0,1.0,"0.9635810549"
1,TnP,down_isr,0,-2.4,2.4,30.0,50.0,0.0,1.0,"0.961947879434"
1,TnP,up_isr,0,-2.4,2.4,30.0,50.0,0.0,1.0,"0.961971848397"
1,TnP,down_fsr,0,-2.4,2.4,30.0,50.0,0.0,1.0,"0.961629677546"
1,TnP,up_fsr,0,-2.4,2.4,30.0,50.0,0.0,1.0,"0.962290050286"
1,TnP,down_mescales,0,-2.4,2.4,30.0,50.0,0.0,1.0,"0.957298045443"
1,TnP,up_mescales,0,-2.4,2.4,30.0,50.0,0.0,1.0,"0.966621682388"
1,TnP,down_statistic,0,-2.4,2.4,30.0,50.0,0.0,1.0,"0.954832196868"
1,TnP,up_statistic,0,-2.4,2.4,30.0,50.0,0.0,1.0,"0.969087530964"
1,TnP,down_pileup,0,-2.4,2.4,30.0,50.0,0.0,1.0,"0.961455445257"
1,TnP,up_pileup,0,-2.4,2.4,30.0,50.0,0.0,1.0,"0.962464282575"
1,TnP,down_topmass,0,-2.4,2.4,30.0,50.0,0.0,1.0,"0.959067802042"
1,TnP,up_topmass,0,-2.4,2.4,30.0,50.0,0.0,1.0,"0.96485192579"
1,TnP,down_tune,0,-2.4,2.4,30.0,50.0,0.0,1.0,"0.960737949672"
1,TnP,up_tune,0,-2.4,2.4,30.0,50.0,0.0,1.0,"0.963181778159"
1,TnP,central,0,-2.4,2.4,50.0,70.0,0.0,1.0,"0.971234043768"
1,TnP,down,0,-2.4,2.4,50.0,70.0,0.0,1.0,"0.94935522298"
1,TnP,up,0,-2.4,2.4,50.0,70.0,0.0,1.0,"0.993112864556"
1,TnP,down_jer,0,-2.4,2.4,50.0,70.0,0.0,1.0,"0.970808590361"
1,TnP,up_jer,0,-2.4,2.4,50.0,70.0,0.0,1.0,"0.971659497176"
1,TnP,down_jes,0,-2.4,2.4,50.0,70.0,0.0,1.0,"0.970294323828"
1,TnP,up_jes,0,-2.4,2.4,50.0,70.0,0.0,1.0,"0.972173763709"
1,TnP,down_bdecay,0,-2.4,2.4,50.0,70.0,0.0,1.0,"0.971215085082"
1,TnP,up_bdecay,0,-2.4,2.4,50.0,70.0,0.0,1.0,"0.971253002455"
1,TnP,down_bkg,0,-2.4,2.4,50.0,70.0,0.0,1.0,"0.966826967074"
1,TnP,up_bkg,0,-2.4,2.4,50.0,70.0,0.0,1.0,"0.975641120463"
1,TnP,down_isr,0,-2.4,2.4,50.0,70.0,0.0,1.0,"0.971129867955"
1,TnP,up_isr,0,-2.4,2.4,50.0,70.0,0.0,1.0,"0.971338219582"
1,TnP,down_fsr,0,-2.4,2.4,50.0,70.0,0.0,1.0,"0.970809569257"
1,TnP,up_fsr,0,-2.4,2.4,50.0,70.0,0.0,1.0,"0.97165851828"
1,TnP,down_mescales,0,-2.4,2.4,50.0,70.0,0.0,1.0,"0.969896407465"
1,TnP,up_mescales,0,-2.4,2.4,50.0,70.0,0.0,1.0,"0.972571680072"
1,TnP,down_bfragmentation,0,-2.4,2.4,50.0,70.0,0.0,1.0,"0.970525875775"
1,TnP,up_bfragmentation,0,-2.4,2.4,50.0,70.0,0.0,1.0,"0.971942211762"
1,TnP,down_statistic,0,-2.4,2.4,50.0,70.0,0.0,1.0,"0.964510925986"
1,TnP,up_statistic,0,-2.4,2.4,50.0,70.0,0.0,1.0,"0.977957161551"
1,TnP,down_pileup,0,-2.4,2.4,50.0,70.0,0.0,1.0,"0.970839081508"
1,TnP,up_pileup,0,-2.4,2.4,50.0,70.0,0.0,1.0,"0.971629006029"
1,TnP,down_topmass,0,-2.4,2.4,50.0,70.0,0.0,1.0,"0.969063153782"
1,TnP,up_topmass,0,-2.4,2.4,50.0,70.0,0.0,1.0,"0.973404933755"
1,TnP,down_tune,0,-2.4,2.4,50.0,70.0,0.0,1.0,"0.969942220211"
1,TnP,up_tune,0,-2.4,2.4,50.0,70.0,0.0,1.0,"0.972525867325"
1,TnP,central,0,-2.4,2.4,70.0,100.0,0.0,1.0,"1.03402432387"
1,TnP,down,0,-2.4,2.4,70.0,100.0,0.0,1.0,"1.01635462372"
1,TnP,up,0,-2.4,2.4,70.0,100.0,0.0,1.0,"1.05169402401"
1,TnP,down_jer,0,-2.4,2.4,70.0,100.0,0.0,1.0,"1.03312957511"
1,TnP,up_jer,0,-2.4,2.4,70.0,100.0,0.0,1.0,"1.03491907263"
1,TnP,down_jes,0,-2.4,2.4,70.0,100.0,0.0,1.0,"1.03297394302"
1,TnP,up_jes,0,-2.4,2.4,70.0,100.0,0.0,1.0,"1.03507470471"
1,TnP,down_bdecay,0,-2.4,2.4,70.0,100.0,0.0,1.0,"1.03397038957"
1,TnP,up_bdecay,0,-2.4,2.4,70.0,100.0,0.0,1.0,"1.03407825816"
1,TnP,down_bkg,0,-2.4,2.4,70.0,100.0,0.0,1.0,"1.02874056493"
1,TnP,up_bkg,0,-2.4,2.4,70.0,100.0,0.0,1.0,"1.0393080828"
1,TnP,down_isr,0,-2.4,2.4,70.0,100.0,0.0,1.0,"1.03396925884"
1,TnP,up_isr,0,-2.4,2.4,70.0,100.0,0.0,1.0,"1.0340793889"
1,TnP,down_fsr,0,-2.4,2.4,70.0,100.0,0.0,1.0,"1.03382904079"
1,TnP,up_fsr,0,-2.4,2.4,70.0,100.0,0.0,1.0,"1.03421960695"
1,TnP,down_mescales,0,-2.4,2.4,70.0,100.0,0.0,1.0,"1.03133072841"
1,TnP,up_mescales,0,-2.4,2.4,70.0,100.0,0.0,1.0,"1.03671791932"
1,TnP,down_bfragmentation,0,-2.4,2.4,70.0,100.0,0.0,1.0,"1.03291136278"
1,TnP,up_bfragmentation,0,-2.4,2.4,70.0,100.0,0.0,1.0,"1.03513728496"
1,TnP,down_statistic,0,-2.4,2.4,70.0,100.0,0.0,1.0,"1.02714534964"
1,TnP,up_statistic,0,-2.4,2.4,70.0,100.0,0.0,1.0,"1.04090329809"
1,TnP,down_topmass,0,-2.4,2.4,70.0,100.0,0.0,1.0,"1.03191240368"
1,TnP,up_topmass,0,-2.4,2.4,70.0,100.0,0.0,1.0,"1.03613624406"
1,TnP,down_tune,0,-2.4,2.4,70.0,100.0,0.0,1.0,"1.03376419283"
1,TnP,up_tune,0,-2.4,2.4,70.0,100.0,0.0,1.0,"1.03428445491"
1,TnP,central,0,-2.4,2.4,100.0,140.0,0.0,1.0,"1.00477100286"
1,TnP,down,0,-2.4,2.4,100.0,140.0,0.0,1.0,"0.989167516657"
1,TnP,up,0,-2.4,2.4,100.0,140.0,0.0,1.0,"1.02037448905"
1,TnP,down_jer,0,-2.4,2.4,100.0,140.0,0.0,1.0,"1.00430757545"
1,TnP,up_jer,0,-2.4,2.4,100.0,140.0,0.0,1.0,"1.00523443026"
1,TnP,down_jes,0,-2.4,2.4,100.0,140.0,0.0,1.0,"1.00361292649"
1,TnP,up_jes,0,-2.4,2.4,100.0,140.0,0.0,1.0,"1.00592907922"
1,TnP,down_bdecay,0,-2.4,2.4,100.0,140.0,0.0,1.0,"1.00476625621"
1,TnP,up_bdecay,0,-2.4,2.4,100.0,140.0,0.0,1.0,"1.0047757495"
1,TnP,down_bkg,0,-2.4,2.4,100.0,140.0,0.0,1.0,"1.00382609835"
1,TnP,up_bkg,0,-2.4,2.4,100.0,140.0,0.0,1.0,"1.00571590736"
1,TnP,down_isr,0,-2.4,2.4,100.0,140.0,0.0,1.0,"1.00475479016"
1,TnP,up_isr,0,-2.4,2.4,100.0,140.0,0.0,1.0,"1.00478721555"
1,TnP,down_fsr,0,-2.4,2.4,100.0,140.0,0.0,1.0,"1.00433779922"
1,TnP,up_fsr,0,-2.4,2.4,100.0,140.0,0.0,1.0,"1.00520420649"
1,TnP,down_mescales,0,-2.4,2.4,100.0,140.0,0.0,1.0,"1.0039225666"
1,TnP,up_mescales,0,-2.4,2.4,100.0,140.0,0.0,1.0,"1.00561943911"
1,TnP,down_bfragmentation,0,-2.4,2.4,100.0,140.0,0.0,1.0,"1.00403567366"
1,TnP,up_bfragmentation,0,-2.4,2.4,100.0,140.0,0.0,1.0,"1.00550633205"
1,TnP,down_statistic,0,-2.4,2.4,100.0,140.0,0.0,1.0,"1.00236360113"
1,TnP,up_statistic,0,-2.4,2.4,100.0,140.0,0.0,1.0,"1.00717840458"
1,TnP,down_pileup,0,-2.4,2.4,100.0,140.0,0.0,1.0,"1.00464662146"
1,TnP,up_pileup,0,-2.4,2.4,100.0,140.0,0.0,1.0,"1.00489538425"
1,TnP,down_topmass,0,-2.4,2.4,100.0,140.0,0.0,1.0,"1.00357399619"
1,TnP,up_topmass,0,-2.4,2.4,100.0,140.0,0.0,1.0,"1.00596800952"
1,TnP,down_tune,0,-2.4,2.4,100.0,140.0,0.0,1.0,"1.00315771066"
1,TnP,up_tune,0,-2.4,2.4,100.0,140.0,0.0,1.0,"1.00638429505"
1,TnP,central,0,-2.4,2.4,140.0,200.0,0.0,1.0,"1.0794882925"
1,TnP,down,0,-2.4,2.4,140.0,200.0,0.0,1.0,"1.05966148805"
1,TnP,up,0,-2.4,2.4,140.0,200.0,0.0,1.0,"1.09931509695"
1,TnP,down_jer,0,-2.4,2.4,140.0,200.0,0.0,1.0,"1.07903665357"
1,TnP,up_jer,0,-2.4,2.4,140.0,200.0,0.0,1.0,"1.07993993143"
1,TnP,down_jes,0,-2.4,2.4,140.0,200.0,0.0,1.0,"1.07799925652"
1,TnP,up_jes,0,-2.4,2.4,140.0,200.0,0.0,1.0,"1.08097732849"
1,TnP,down_bdecay,0,-2.4,2.4,140.0,200.0,0.0,1.0,"1.07942647765"
1,TnP,up_bdecay,0,-2.4,2.4,140.0,200.0,0.0,1.0,"1.07955010736"
1,TnP,down_bkg,0,-2.4,2.4,140.0,200.0,0.0,1.0,"1.07397961946"
1,TnP,up_bkg,0,-2.4,2.4,140.0,200.0,0.0,1.0,"1.08499696554"
1,TnP,down_fsr,0,-2.4,2.4,140.0,200.0,0.0,1.0,"1.07943716979"
1,TnP,up_fsr,0,-2.4,2.4,140.0,200.0,0.0,1.0,"1.07953941522"
1,TnP,down_mescales,0,-2.4,2.4,140.0,200.0,0.0,1.0,"1.07910065973"
1,TnP,up_mescales,0,-2.4,2.4,140.0,200.0,0.0,1.0,"1.07987592527"
1,TnP,down_bfragmentation,0,-2.4,2.4,140.0,200.0,0.0,1.0,"1.07714031274"
1,TnP,up_bfragmentation,0,-2.4,2.4,140.0,200.0,0.0,1.0,"1.08183627227"
1,TnP,down_statistic,0,-2.4,2.4,140.0,200.0,0.0,1.0,"1.0737095872"
1,TnP,up_statistic,0,-2.4,2.4,140.0,200.0,0.0,1.0,"1.0852669978"
1,TnP,down_pileup,0,-2.4,2.4,140.0,200.0,0.0,1.0,"1.07945225927"
1,TnP,up_pileup,0,-2.4,2.4,140.0,200.0,0.0,1.0,"1.07952432573"
1,TnP,down_topmass,0,-2.4,2.4,140.0,200.0,0.0,1.0,"1.07895456754"
1,TnP,up_topmass,0,-2.4,2.4,140.0,200.0,0.0,1.0,"1.08002201746"
1,TnP,down_tune,0,-2.4,2.4,140.0,200.0,0.0,1.0,"1.07759704052"
1,TnP,up_tune,0,-2.4,2.4,140.0,200.0,0.0,1.0,"1.08137954448"
1,TnP,central,0,-2.4,2.4,200.0,300.0,0.0,1.0,"1.04672536678"
1,TnP,down,0,-2.4,2.4,200.0,300.0,0.0,1.0,"1.01027592362"
1,TnP,up,0,-2.4,2.4,200.0,300.0,0.0,1.0,"1.08317480993"
1,TnP,down_jer,0,-2.4,2.4,200.0,300.0,0.0,1.0,"1.04588920261"
1,TnP,up_jer,0,-2.4,2.4,200.0,300.0,0.0,1.0,"1.04756153094"
1,TnP,down_jes,0,-2.4,2.4,200.0,300.0,0.0,1.0,"1.0451043124"
1,TnP,up_jes,0,-2.4,2.4,200.0,300.0,0.0,1.0,"1.04834642115"
1,TnP,down_bdecay,0,-2.4,2.4,200.0,300.0,0.0,1.0,"1.04671199863"
1,TnP,up_bdecay,0,-2.4,2.4,200.0,300.0,0.0,1.0,"1.04673873492"
1,TnP,down_bkg,0,-2.4,2.4,200.0,300.0,0.0,1.0,"1.04629662215"
1,TnP,up_bkg,0,-2.4,2.4,200.0,300.0,0.0,1.0,"1.0471541114"
1,TnP,down_isr,0,-2.4,2.4,200.0,300.0,0.0,1.0,"1.04671175315"
1,TnP,up_isr,0,-2.4,2.4,200.0,300.0,0.0,1.0,"1.0467389804"
1,TnP,down_fsr,0,-2.4,2.4,200.0,300.0,0.0,1.0,"1.04621722214"
1,TnP,up_fsr,0,-2.4,2.4,200.0,300.0,0.0,1.0,"1.04723351141"
1,TnP,down_mescales,0,-2.4,2.4,200.0,300.0,0.0,1.0,"1.0459928043"
1,TnP,up_mescales,0,-2.4,2.4,200.0,300.0,0.0,1.0,"1.04745792925"
1,TnP,down_bfragmentation,0,-2.4,2.4,200.0,300.0,0.0,1.0,"1.04529211016"
1,TnP,up_bfragmentation,0,-2.4,2.4,200.0,300.0,0.0,1.0,"1.04815862339"
1,TnP,down_statistic,0,-2.4,2.4,200.0,300.0,0.0,1.0,"1.04000160074"
1,TnP,up_statistic,0,-2.4,2.4,200.0,300.0,0.0,1.0,"1.05344913282"
1,TnP,down_pileup,0,-2.4,2.4,200.0,300.0,0.0,1.0,"1.04665873645"
1,TnP,up_pileup,0,-2.4,2.4,200.0,300.0,0.0,1.0,"1.0467919971"
1,TnP,down_topmass,0,-2.4,2.4,200.0,300.0,0.0,1.0,"1.04056787791"
1,TnP,up_topmass,0,-2.4,2.4,200.0,300.0,0.0,1.0,"1.05288285564"
1,TnP,down_tune,0,-2.4,2.4,200.0,300.0,0.0,1.0,"1.04425022988"
1,TnP,up_tune,0,-2.4,2.4,200.0,300.0,0.0,1.0,"1.04920050367"
1,TnP,central,0,-2.4,2.4,300.0,600.0,0.0,1.0,"0.970050082406"
1,TnP,down,0,-2.4,2.4,300.0,600.0,0.0,1.0,"0.795724072379"
1,TnP,up,0,-2.4,2.4,300.0,600.0,0.0,1.0,"1.14437609243"
1,TnP,down_jer,0,-2.4,2.4,300.0,600.0,0.0,1.0,"0.964845941562"
1,TnP,up_jer,0,-2.4,2.4,300.0,600.0,0.0,1.0,"0.975254223251"
1,TnP,down_jes,0,-2.4,2.4,300.0,600.0,0.0,1.0,"0.960146445493"
1,TnP,up_jes,0,-2.4,2.4,300.0,600.0,0.0,1.0,"0.97995371932"
1,TnP,down_bdecay,0,-2.4,2.4,300.0,600.0,0.0,1.0,"0.96999559794"
1,TnP,up_bdecay,0,-2.4,2.4,300.0,600.0,0.0,1.0,"0.970104566872"
1,TnP,down_bkg,0,-2.4,2.4,300.0,600.0,0.0,1.0,"0.967260310347"
1,TnP,up_bkg,0,-2.4,2.4,300.0,600.0,0.0,1.0,"0.972839854466"
1,TnP,down_isr,0,-2.4,2.4,300.0,600.0,0.0,1.0,"0.969910257075"
1,TnP,up_isr,0,-2.4,2.4,300.0,600.0,0.0,1.0,"0.970189907738"
1,TnP,down_fsr,0,-2.4,2.4,300.0,600.0,0.0,1.0,"0.966199691959"
1,TnP,up_fsr,0,-2.4,2.4,300.0,600.0,0.0,1.0,"0.973900472853"
1,TnP,down_mescales,0,-2.4,2.4,300.0,600.0,0.0,1.0,"0.965007850805"
1,TnP,up_mescales,0,-2.4,2.4,300.0,600.0,0.0,1.0,"0.975092314008"
1,TnP,down_bfragmentation,0,-2.4,2.4,300.0,600.0,0.0,1.0,"0.965206029023"
1,TnP,up_bfragmentation,0,-2.4,2.4,300.0,600.0,0.0,1.0,"0.974894135789"
1,TnP,down_statistic,0,-2.4,2.4,300.0,600.0,0.0,1.0,"0.9360612293"
1,TnP,up_statistic,0,-2.4,2.4,300.0,600.0,0.0,1.0,"1.00403893551"
1,TnP,down_pileup,0,-2.4,2.4,300.0,600.0,0.0,1.0,"0.969598073303"
1,TnP,up_pileup,0,-2.4,2.4,300.0,600.0,0.0,1.0,"0.970502091509"
1,TnP,down_topmass,0,-2.4,2.4,300.0,600.0,0.0,1.0,"0.937112860663"
1,TnP,up_topmass,0,-2.4,2.4,300.0,600.0,0.0,1.0,"1.00298730415"
1,TnP,down_tune,0,-2.4,2.4,300.0,600.0,0.0,1.0,"0.966200233848"
1,TnP,up_tune,0,-2.4,2.4,300.0,600.0,0.0,1.0,"0.973899930965"
2,TnP,central,0,-2.4,2.4,30.0,50.0,0.0,1.0,"0.986269533108"
2,TnP,down,0,-2.4,2.4,30.0,50.0,0.0,1.0,"0.964113448817"
2,TnP,up,0,-2.4,2.4,30.0,50.0,0.0,1.0,"1.0084256174"
2,TnP,down_jes,0,-2.4,2.4,30.0,50.0,0.0,1.0,"0.984170720897"
2,TnP,up_jes,0,-2.4,2.4,30.0,50.0,0.0,1.0,"0.988368345319"
2,TnP,down_bdecay,0,-2.4,2.4,30.0,50.0,0.0,1.0,"0.986195526358"
2,TnP,up_bdecay,0,-2.4,2.4,30.0,50.0,0.0,1.0,"0.986343539858"
2,TnP,down_bkg,0,-2.4,2.4,30.0,50.0,0.0,1.0,"0.983109300326"
2,TnP,up_bkg,0,-2.4,2.4,30.0,50.0,0.0,1.0,"0.98942976589"
2,TnP,down_isr,0,-2.4,2.4,30.0,50.0,0.0,1.0,"0.985956211788"
2,TnP,up_isr,0,-2.4,2.4,30.0,50.0,0.0,1.0,"0.986582854428"
2,TnP,down_fsr,0,-2.4,2.4,30.0,50.0,0.0,1.0,"0.984295949555"
2,TnP,up_fsr,0,-2.4,2.4,30.0,50.0,0.0,1.0,"0.988243116661"
2,TnP,down_mescales,0,-2.4,2.4,30.0,50.0,0.0,1.0,"0.983334641772"
2,TnP,up_mescales,0,-2.4,2.4,30.0,50.0,0.0,1.0,"0.989204424444"
2,TnP,down_bfragmentation,0,-2.4,2.4,30.0,50.0,0.0,1.0,"0.986243270966"
2,TnP,up_bfragmentation,0,-2.4,2.4,30.0,50.0,0.0,1.0,"0.98629579525"
2,TnP,down_statistic,0,-2.4,2.4,30.0,50.0,0.0,1.0,"0.980694643381"
2,TnP,up_statistic,0,-2.4,2.4,30.0,50.0,0.0,1.0,"0.991844422835"
2,TnP,down_pileup,0,-2.4,2.4,30.0,50.0,0.0,1.0,"0.986190646432"
2,TnP,up_pileup,0,-2.4,2.4,30.0,50.0,0.0,1.0,"0.986348419784"
2,TnP,down_topmass,0,-2.4,2.4,30.0,50.0,0.0,1.0,"0.985135480769"
2,TnP,up_topmass,0,-2.4,2.4,30.0,50.0,0.0,1.0,"0.987403585447"
2,TnP,down_tune,0,-2.4,2.4,30.0,50.0,0.0,1.0,"0.986061577234"
2,TnP,up_tune,0,-2.4,2.4,30.0,50.0,0.0,1.0,"0.986477488982"
2,TnP,central,0,-2.4,2.4,50.0,70.0,0.0,1.0,"0.99400384171"
2,TnP,down,0,-2.4,2.4,50.0,70.0,0.0,1.0,"0.972691366283"
2,TnP,up,0,-2.4,2.4,50.0,70.0,0.0,1.0,"1.01531631714"
2,TnP,down_jer,0,-2.4,2.4,50.0,70.0,0.0,1.0,"0.992391252135"
2,TnP,up_jer,0,-2.4,2.4,50.0,70.0,0.0,1.0,"0.995616431286"
2,TnP,down_jes,0,-2.4,2.4,50.0,70.0,0.0,1.0,"0.993918192621"
2,TnP,up_jes,0,-2.4,2.4,50.0,70.0,0.0,1.0,"0.994089490799"
2,TnP,down_bdecay,0,-2.4,2.4,50.0,70.0,0.0,1.0,"0.993969542251"
2,TnP,up_bdecay,0,-2.4,2.4,50.0,70.0,0.0,1.0,"0.99403814117"
2,TnP,down_bkg,0,-2.4,2.4,50.0,70.0,0.0,1.0,"0.98973206152"
2,TnP,up_bkg,0,-2.4,2.4,50.0,70.0,0.0,1.0,"0.998275621901"
2,TnP,down_isr,0,-2.4,2.4,50.0,70.0,0.0,1.0,"0.993834765469"
2,TnP,up_isr,0,-2.4,2.4,50.0,70.0,0.0,1.0,"0.994172917951"
2,TnP,down_fsr,0,-2.4,2.4,50.0,70.0,0.0,1.0,"0.986844404302"
2,TnP,up_fsr,0,-2.4,2.4,50.0,70.0,0.0,1.0,"1.00116327912"
2,TnP,down_mescales,0,-2.4,2.4,50.0,70.0,0.0,1.0,"0.986429685131"
2,TnP,up_mescales,0,-2.4,2.4,50.0,70.0,0.0,1.0,"1.00157799829"
2,TnP,down_bfragmentation,0,-2.4,2.4,50.0,70.0,0.0,1.0,"0.99392204032"
2,TnP,up_bfragmentation,0,-2.4,2.4,50.0,70.0,0.0,1.0,"0.994085643101"
2,TnP,down_statistic,0,-2.4,2.4,50.0,70.0,0.0,1.0,"0.984732741539"
2,TnP,up_statistic,0,-2.4,2.4,50.0,70.0,0.0,1.0,"1.00327494188"
2,TnP,down_pileup,0,-2.4,2.4,50.0,70.0,0.0,1.0,"0.993974264309"
2,TnP,up_pileup,0,-2.4,2.4,50.0,70.0,0.0,1.0,"0.994033419111"
2,TnP,down_topmass,0,-2.4,2.4,50.0,70.0,0.0,1.0,"0.992830961597"
2,TnP,up_topmass,0,-2.4,2.4,50.0,70.0,0.0,1.0,"0.995176721823"
2,TnP,down_tune,0,-2.4,2.4,50.0,70.0,0.0,1.0,"0.992030555472"
2,TnP,up_tune,0,-2.4,2.4,50.0,70.0,0.0,1.0,"0.995977127948"
2,TnP,central,0,-2.4,2.4,70.0,100.0,0.0,1.0,"0.993422819411"
2,TnP,down,0,-2.4,2.4,70.0,100.0,0.0,1.0,"0.977396620121"
2,TnP,up,0,-2.4,2.4,70.0,100.0,0.0,1.0,"1.0094490187"
2,TnP,down_jer,0,-2.4,2.4,70.0,100.0,0.0,1.0,"0.993102156005"
2,TnP,up_jer,0,-2.4,2.4,70.0,100.0,0.0,1.0,"0.993743482816"
2,TnP,down_jes,0,-2.4,2.4,70.0,100.0,0.0,1.0,"0.992917494624"
2,TnP,up_jes,0,-2.4,2.4,70.0,100.0,0.0,1.0,"0.993928144197"
2,TnP,down_bdecay,0,-2.4,2.4,70.0,100.0,0.0,1.0,"0.993406363821"
2,TnP,up_bdecay,0,-2.4,2.4,70.0,100.0,0.0,1.0,"0.993439275001"
2,TnP,down_bkg,0,-2.4,2.4,70.0,100.0,0.0,1.0,"0.989253974532"
2,TnP,up_bkg,0,-2.4,2.4,70.0,100.0,0.0,1.0,"0.99759166429"
2,TnP,down_isr,0,-2.4,2.4,70.0,100.0,0.0,1.0,"0.99333350973"
2,TnP,up_isr,0,-2.4,2.4,70.0,100.0,0.0,1.0,"0.993512129091"
2,TnP,down_fsr,0,-2.4,2.4,70.0,100.0,0.0,1.0,"0.991378606807"
2,TnP,up_fsr,0,-2.4,2.4,70.0,100.0,0.0,1.0,"0.995467032014"
2,TnP,down_mescales,0,-2.4,2.4,70.0,100.0,0.0,1.0,"0.99113379655"
2,TnP,up_mescales,0,-2.4,2.4,70.0,100.0,0.0,1.0,"0.995711842272"
2,TnP,down_bfragmentation,0,-2.4,2.4,70.0,100.0,0.0,1.0,"0.993289528542"
2,TnP,up_bfragmentation,0,-2.4,2.4,70.0,100.0,0.0,1.0,"0.993556110279"
2,TnP,down_statistic,0,-2.4,2.4,70.0,100.0,0.0,1.0,"0.985807158934"
2,TnP,up_statistic,0,-2.4,2.4,70.0,100.0,0.0,1.0,"1.00103847989"
2,TnP,down_pileup,0,-2.4,2.4,70.0,100.0,0.0,1.0,"0.993313348767"
2,TnP,up_pileup,0,-2.4,2.4,70.0,100.0,0.0,1.0,"0.993532290055"
2,TnP,down_topmass,0,-2.4,2.4,70.0,100.0,0.0,1.0,"0.988359929399"
2,TnP,up_topmass,0,-2.4,2.4,70.0,100.0,0.0,1.0,"0.998485709423"
2,TnP,down_tune,0,-2.4,2.4,70.0,100.0,0.0,1.0,"0.992687270344"
2,TnP,up_tune,0,-2.4,2.4,70.0,100.0,0.0,1.0,"0.994158368477"
2,TnP,central,0,-2.4,2.4,100.0,140.0,0.0,1.0,"1.03123833641"
2,TnP,down,0,-2.4,2.4,100.0,140.0,0.0,1.0,"1.0176499357"
2,TnP,up,0,-2.4,2.4,100.0,140.0,0.0,1.0,"1.04482673713"
2,TnP,down_jer,0,-2.4,2.4,100.0,140.0,0.0,1.0,"1.03082363497"
2,TnP,up_jer,0,-2.4,2.4,100.0,140.0,0.0,1.0,"1.03165303785"
2,TnP,down_jes,0,-2.4,2.4,100.0,140.0,0.0,1.0,"1.03063965177"
2,TnP,up_jes,0,-2.4,2.4,100.0,140.0,0.0,1.0,"1.03183702105"
2,TnP,down_bdecay,0,-2.4,2.4,100.0,140.0,0.0,1.0,"1.03122441288"
2,TnP,up_bdecay,0,-2.4,2.4,100.0,140.0,0.0,1.0,"1.03125225995"
2,TnP,down_bkg,0,-2.4,2.4,100.0,140.0,0.0,1.0,"1.02895062518"
2,TnP,up_bkg,0,-2.4,2.4,100.0,140.0,0.0,1.0,"1.03352604764"
2,TnP,down_isr,0,-2.4,2.4,100.0,140.0,0.0,1.0,"1.0310766536"
2,TnP,up_isr,0,-2.4,2.4,100.0,140.0,0.0,1.0,"1.03140001922"
2,TnP,down_fsr,0,-2.4,2.4,100.0,140.0,0.0,1.0,"1.02976005045"
2,TnP,up_fsr,0,-2.4,2.4,100.0,140.0,0.0,1.0,"1.03271662237"
2,TnP,down_mescales,0,-2.4,2.4,100.0,140.0,0.0,1.0,"1.02957986442"
2,TnP,up_mescales,0,-2.4,2.4,100.0,140.0,0.0,1.0,"1.0328968084"
2,TnP,down_bfragmentation,0,-2.4,2.4,100.0,140.0,0.0,1.0,"1.03122666321"
2,TnP,up_bfragmentation,0,-2.4,2.4,100.0,140.0,0.0,1.0,"1.03125000961"
2,TnP,down_statistic,0,-2.4,2.4,100.0,140.0,0.0,1.0,"1.02772133507"
2,TnP,up_statistic,0,-2.4,2.4,100.0,140.0,0.0,1.0,"1.03475533776"
2,TnP,down_pileup,0,-2.4,2.4,100.0,140.0,0.0,1.0,"1.03122653556"
2,TnP,up_pileup,0,-2.4,2.4,100.0,140.0,0.0,1.0,"1.03125013726"
2,TnP,down_topmass,0,-2.4,2.4,100.0,140.0,0.0,1.0,"1.03073247248"
2,TnP,up_topmass,0,-2.4,2.4,100.0,140.0,0.0,1.0,"1.03174420034"
2,TnP,down_tune,0,-2.4,2.4,100.0,140.0,0.0,1.0,"1.02898687242"
2,TnP,up_tune,0,-2.4,2.4,100.0,140.0,0.0,1.0,"1.0334898004"
2,TnP,central,0,-2.4,2.4,140.0,200.0,0.0,1.0,"0.993018838136"
2,TnP,down,0,-2.4,2.4,140.0,200.0,0.0,1.0,"0.974937521247"
2,TnP,up,0,-2.4,2.4,140.0,200.0,0.0,1.0,"1.01110015502"
2,TnP,down_jer,0,-2.4,2.4,140.0,200.0,0.0,1.0,"0.991316739554"
2,TnP,up_jer,0,-2.4,2.4,140.0,200.0,0.0,1.0,"0.994720936718"
2,TnP,down_jes,0,-2.4,2.4,140.0,200.0,0.0,1.0,"0.992645280032"
2,TnP,up_jes,0,-2.4,2.4,140.0,200.0,0.0,1.0,"0.99339239624"
2,TnP,down_bdecay,0,-2.4,2.4,140.0,200.0,0.0,1.0,"0.992989599454"
2,TnP,up_bdecay,0,-2.4,2.4,140.0,200.0,0.0,1.0,"0.993048076818"
2,TnP,down_bkg,0,-2.4,2.4,140.0,200.0,0.0,1.0,"0.990708584353"
2,TnP,up_bkg,0,-2.4,2.4,140.0,200.0,0.0,1.0,"0.995329091919"
2,TnP,down_isr,0,-2.4,2.4,140.0,200.0,0.0,1.0,"0.992997355882"
2,TnP,up_isr,0,-2.4,2.4,140.0,200.0,0.0,1.0,"0.99304032039"
2,TnP,down_fsr,0,-2.4,2.4,140.0,200.0,0.0,1.0,"0.988987167867"
2,TnP,up_fsr,0,-2.4,2.4,140.0,200.0,0.0,1.0,"0.997050508405"
2,TnP,down_mescales,0,-2.4,2.4,140.0,200.0,0.0,1.0,"0.988987118842"
2,TnP,up_mescales,0,-2.4,2.4,140.0,200.0,0.0,1.0,"0.99705055743"
2,TnP,down_bfragmentation,0,-2.4,2.4,140.0,200.0,0.0,1.0,"0.992983603131"
2,TnP,up_bfragmentation,0,-2.4,2.4,140.0,200.0,0.0,1.0,"0.99305407314"
2,TnP,down_statistic,0,-2.4,2.4,140.0,200.0,0.0,1.0,"0.988485237166"
2,TnP,up_statistic,0,-2.4,2.4,140.0,200.0,0.0,1.0,"0.997552439105"
2,TnP,down_pileup,0,-2.4,2.4,140.0,200.0,0.0,1.0,"0.992942391682"
2,TnP,up_pileup,0,-2.4,2.4,140.0,200.0,0.0,1.0,"0.99309528459"
2,TnP,down_topmass,0,-2.4,2.4,140.0,200.0,0.0,1.0,"0.992321738684"
2,TnP,up_topmass,0,-2.4,2.4,140.0,200.0,0.0,1.0,"0.993715937588"
2,TnP,down_tune,0,-2.4,2.4,140.0,200.0,0.0,1.0,"0.992745011034"
2,TnP,up_tune,0,-2.4,2.4,140.0,200.0,0.0,1.0,"0.993292665238"
2,TnP,central,0,-2.4,2.4,200.0,300.0,0.0,1.0,"1.00437516111"
2,TnP,down,0,-2.4,2.4,200.0,300.0,0.0,1.0,"0.974081896815"
2,TnP,up,0,-2.4,2.4,200.0,300.0,0.0,1.0,"1.0346684254"
2,TnP,down_jer,0,-2.4,2.4,200.0,300.0,0.0,1.0,"1.00235341137"
2,TnP,up_jer,0,-2.4,2.4,200.0,300.0,0.0,1.0,"1.00639691085"
2,TnP,down_jes,0,-2.4,2.4,200.0,300.0,0.0,1.0,"1.0020120029"
2,TnP,up_jes,0,-2.4,2.4,200.0,300.0,0.0,1.0,"1.00673831932"
2,TnP,down_bdecay,0,-2.4,2.4,200.0,300.0,0.0,1.0,"1.00434090092"
2,TnP,up_bdecay,0,-2.4,2.4,200.0,300.0,0.0,1.0,"1.0044094213"
2,TnP,down_bkg,0,-2.4,2.4,200.0,300.0,0.0,1.0,"1.00170240809"
2,TnP,up_bkg,0,-2.4,2.4,200.0,300.0,0.0,1.0,"1.00704791413"
2,TnP,down_isr,0,-2.4,2.4,200.0,300.0,0.0,1.0,"1.00426195273"
2,TnP,up_isr,0,-2.4,2.4,200.0,300.0,0.0,1.0,"1.00448836949"
2,TnP,down_fsr,0,-2.4,2.4,200.0,300.0,0.0,1.0,"1.00348965096"
2,TnP,up_fsr,0,-2.4,2.4,200.0,300.0,0.0,1.0,"1.00526067126"
2,TnP,down_mescales,0,-2.4,2.4,200.0,300.0,0.0,1.0,"0.998076464667"
2,TnP,up_mescales,0,-2.4,2.4,200.0,300.0,0.0,1.0,"1.01067385755"
2,TnP,down_bfragmentation,0,-2.4,2.4,200.0,300.0,0.0,1.0,"1.00429564267"
2,TnP,up_bfragmentation,0,-2.4,2.4,200.0,300.0,0.0,1.0,"1.00445467954"
2,TnP,down_statistic,0,-2.4,2.4,200.0,300.0,0.0,1.0,"0.997624803832"
2,TnP,up_statistic,0,-2.4,2.4,200.0,300.0,0.0,1.0,"1.01112551839"
2,TnP,down_pileup,0,-2.4,2.4,200.0,300.0,0.0,1.0,"1.00434523953"
2,TnP,up_pileup,0,-2.4,2.4,200.0,300.0,0.0,1.0,"1.00440508268"
2,TnP,down_topmass,0,-2.4,2.4,200.0,300.0,0.0,1.0,"1.0029978834"
2,TnP,up_topmass,0,-2.4,2.4,200.0,300.0,0.0,1.0,"1.00575243882"
2,TnP,down_tune,0,-2.4,2.4,200.0,300.0,0.0,1.0,"1.00282264248"
2,TnP,up_tune,0,-2.4,2.4,200.0,300.0,0.0,1.0,"1.00592767974"
2,TnP,central,0,-2.4,2.4,300.0,600.0,0.0,1.0,"0.961147078141"
2,TnP,down,0,-2.4,2.4,300.0,600.0,0.0,1.0,"0.821141992177"
2,TnP,up,0,-2.4,2.4,300.0,600.0,0.0,1.0,"1.1011521641"
2,TnP,down_jer,0,-2.4,2.4,300.0,600.0,0.0,1.0,"0.955159057068"
2,TnP,up_jer,0,-2.4,2.4,300.0,600.0,0.0,1.0,"0.967135099215"
2,TnP,down_jes,0,-2.4,2.4,300.0,600.0,0.0,1.0,"0.959036057268"
2,TnP,up_jes,0,-2.4,2.4,300.0,600.0,0.0,1.0,"0.963258099014"
2,TnP,down_bdecay,0,-2.4,2.4,300.0,600.0,0.0,1.0,"0.960839781353"
2,TnP,up_bdecay,0,-2.4,2.4,300.0,600.0,0.0,1.0,"0.961454374929"
2,TnP,down_bkg,0,-2.4,2.4,300.0,600.0,0.0,1.0,"0.952851924279"
2,TnP,up_bkg,0,-2.4,2.4,300.0,600.0,0.0,1.0,"0.969442232003"
2,TnP,down_isr,0,-2.4,2.4,300.0,600.0,0.0,1.0,"0.960782723182"
2,TnP,up_isr,0,-2.4,2.4,300.0,600.0,0.0,1.0,"0.9615114331"
2,TnP,down_fsr,0,-2.4,2.4,300.0,600.0,0.0,1.0,"0.949084982704"
2,TnP,up_fsr,0,-2.4,2.4,300.0,600.0,0.0,1.0,"0.973209173578"
2,TnP,down_mescales,0,-2.4,2.4,300.0,600.0,0.0,1.0,"0.947377959676"
2,TnP,up_mescales,0,-2.4,2.4,300.0,600.0,0.0,1.0,"0.974916196606"
2,TnP,down_bfragmentation,0,-2.4,2.4,300.0,600.0,0.0,1.0,"0.960452128833"
2,TnP,up_bfragmentation,0,-2.4,2.4,300.0,600.0,0.0,1.0,"0.961842027449"
2,TnP,down_statistic,0,-2.4,2.4,300.0,600.0,0.0,1.0,"0.941435622938"
2,TnP,up_statistic,0,-2.4,2.4,300.0,600.0,0.0,1.0,"0.980858533344"
2,TnP,down_pileup,0,-2.4,2.4,300.0,600.0,0.0,1.0,"0.96023896346"
2,TnP,up_pileup,0,-2.4,2.4,300.0,600.0,0.0,1.0,"0.962055192823"
2,TnP,down_topmass,0,-2.4,2.4,300.0,600.0,0.0,1.0,"0.958141278834"
2,TnP,up_topmass,0,-2.4,2.4,300.0,600.0,0.0,1.0,"0.964152877448"
2,TnP,down_tune,0,-2.4,2.4,300.0,600.0,0.0,1.0,"0.95431266248"
2,TnP,up_tune,0,-2.4,2.4,300.0,600.0,0.0,1.0,"0.967981493803"
