DeepCSV;OperatingPoint,measurementType,sysType,jetFlavor,etaMin,etaMax,ptMin,ptmax,discrMin,discrMax,formula
0,lt,central,0,0,2.4,20.0,30.0,0,1,0.958999693394
0,lt,up,0,0,2.4,20.0,30.0,0,1,1.03876041558
0,lt,down,0,0,2.4,20.0,30.0,0,1,0.879202040844
0,lt,up_jes,0,0,2.4,20.0,30.0,0,1,0.982720692643
0,lt,down_jes,0,0,2.4,20.0,30.0,0,1,0.950349628925
0,lt,up_gluonsplitting,0,0,2.4,20.0,30.0,0,1,0.96015816927
0,lt,down_gluonsplitting,0,0,2.4,20.0,30.0,0,1,0.957576036453
0,lt,up_bfragmentation,0,0,2.4,20.0,30.0,0,1,0.983926653862
0,lt,down_bfragmentation,0,0,2.4,20.0,30.0,0,1,0.925631821156
0,lt,up_cfragmentation,0,0,2.4,20.0,30.0,0,1,0.958999693394
0,lt,down_cfragmentation,0,0,2.4,20.0,30.0,0,1,0.958999693394
0,lt,up_dmux,0,0,2.4,20.0,30.0,0,1,0.958999693394
0,lt,down_dmux,0,0,2.4,20.0,30.0,0,1,0.957994103432
0,lt,up_ksl,0,0,2.4,20.0,30.0,0,1,0.959052085876
0,lt,down_ksl,0,0,2.4,20.0,30.0,0,1,0.958999693394
0,lt,up_cb,0,0,2.4,20.0,30.0,0,1,0.989855301537
0,lt,down_cb,0,0,2.4,20.0,30.0,0,1,0.92814408525
0,lt,up_ltothers,0,0,2.4,20.0,30.0,0,1,1.02285742745
0,lt,down_ltothers,0,0,2.4,20.0,30.0,0,1,0.895141959339
0,lt,up_statistic,0,0,2.4,20.0,30.0,0,1,0.968278878872
0,lt,down_statistic,0,0,2.4,20.0,30.0,0,1,0.949720507915
0,lt,central,0,0,2.4,30.0,50.0,0,1,0.968305289745
0,lt,up,0,0,2.4,30.0,50.0,0,1,1.02243317629
0,lt,down,0,0,2.4,30.0,50.0,0,1,0.913305108221
0,lt,up_jes,0,0,2.4,30.0,50.0,0,1,0.978800088472
0,lt,down_jes,0,0,2.4,30.0,50.0,0,1,0.955880906269
0,lt,up_gluonsplitting,0,0,2.4,30.0,50.0,0,1,0.97079628706
0,lt,down_gluonsplitting,0,0,2.4,30.0,50.0,0,1,0.96530610323
0,lt,up_bfragmentation,0,0,2.4,30.0,50.0,0,1,0.977789640427
0,lt,down_bfragmentation,0,0,2.4,30.0,50.0,0,1,0.956455469131
0,lt,up_cfragmentation,0,0,2.4,30.0,50.0,0,1,0.968305289745
0,lt,down_cfragmentation,0,0,2.4,30.0,50.0,0,1,0.968305289745
0,lt,up_dmux,0,0,2.4,30.0,50.0,0,1,0.968305289745
0,lt,down_dmux,0,0,2.4,30.0,50.0,0,1,0.969818592072
0,lt,up_ksl,0,0,2.4,30.0,50.0,0,1,0.968259990215
0,lt,down_ksl,0,0,2.4,30.0,50.0,0,1,0.968305289745
0,lt,up_cb,0,0,2.4,30.0,50.0,0,1,0.978929375322
0,lt,down_cb,0,0,2.4,30.0,50.0,0,1,0.957681204169
0,lt,up_ltothers,0,0,2.4,30.0,50.0,0,1,1.02292278805
0,lt,down_ltothers,0,0,2.4,30.0,50.0,0,1,0.913687791436
0,lt,up_statistic,0,0,2.4,30.0,50.0,0,1,0.971948233636
0,lt,down_statistic,0,0,2.4,30.0,50.0,0,1,0.964662345854
0,lt,central,0,0,2.4,50.0,70.0,0,1,0.996407568455
0,lt,up,0,0,2.4,50.0,70.0,0,1,1.01772356936
0,lt,down,0,0,2.4,50.0,70.0,0,1,0.946972106878
0,lt,up_jes,0,0,2.4,50.0,70.0,0,1,0.999243378639
0,lt,down_jes,0,0,2.4,50.0,70.0,0,1,0.951434664862
0,lt,up_gluonsplitting,0,0,2.4,50.0,70.0,0,1,1.00340294838
0,lt,down_gluonsplitting,0,0,2.4,50.0,70.0,0,1,0.988108813763
0,lt,up_bfragmentation,0,0,2.4,50.0,70.0,0,1,1.01054656506
0,lt,down_bfragmentation,0,0,2.4,50.0,70.0,0,1,0.983959376812
0,lt,up_cfragmentation,0,0,2.4,50.0,70.0,0,1,0.996407747269
0,lt,down_cfragmentation,0,0,2.4,50.0,70.0,0,1,0.996407747269
0,lt,up_dmux,0,0,2.4,50.0,70.0,0,1,0.996407747269
0,lt,down_dmux,0,0,2.4,50.0,70.0,0,1,0.996566593647
0,lt,up_ksl,0,0,2.4,50.0,70.0,0,1,0.996274232864
0,lt,down_ksl,0,0,2.4,50.0,70.0,0,1,0.996407747269
0,lt,up_cb,0,0,2.4,50.0,70.0,0,1,1.0004353979
0,lt,down_cb,0,0,2.4,50.0,70.0,0,1,0.992379739006
0,lt,up_ltothers,0,0,2.4,50.0,70.0,0,1,1.01224200631
0,lt,down_ltothers,0,0,2.4,50.0,70.0,0,1,0.980573130599
0,lt,up_statistic,0,0,2.4,50.0,70.0,0,1,1.00489429177
0,lt,down_statistic,0,0,2.4,50.0,70.0,0,1,0.987920845144
0,lt,central,0,0,2.4,70.0,100.0,0,1,1.00028312206
0,lt,up,0,0,2.4,70.0,100.0,0,1,1.01886079129
0,lt,down,0,0,2.4,70.0,100.0,0,1,0.981189512218
0,lt,up_jes,0,0,2.4,70.0,100.0,0,1,1.00372171402
0,lt,down_jes,0,0,2.4,70.0,100.0,0,1,0.998235058551
0,lt,up_gluonsplitting,0,0,2.4,70.0,100.0,0,1,1.0092215538
0,lt,down_gluonsplitting,0,0,2.4,70.0,100.0,0,1,0.989088714123
0,lt,up_bfragmentation,0,0,2.4,70.0,100.0,0,1,1.00989437103
0,lt,down_bfragmentation,0,0,2.4,70.0,100.0,0,1,0.991697788239
0,lt,up_cfragmentation,0,0,2.4,70.0,100.0,0,1,1.00028312206
0,lt,down_cfragmentation,0,0,2.4,70.0,100.0,0,1,1.00028312206
0,lt,up_dmux,0,0,2.4,70.0,100.0,0,1,1.00028312206
0,lt,down_dmux,0,0,2.4,70.0,100.0,0,1,0.999727427959
0,lt,up_ksl,0,0,2.4,70.0,100.0,0,1,1.00020802021
0,lt,down_ksl,0,0,2.4,70.0,100.0,0,1,1.00028312206
0,lt,up_cb,0,0,2.4,70.0,100.0,0,1,1.00311280963
0,lt,down_cb,0,0,2.4,70.0,100.0,0,1,0.997453434491
0,lt,up_ltothers,0,0,2.4,70.0,100.0,0,1,1.01053693901
0,lt,down_ltothers,0,0,2.4,70.0,100.0,0,1,0.990029305117
0,lt,up_statistic,0,0,2.4,70.0,100.0,0,1,1.0071590342
0,lt,down_statistic,0,0,2.4,70.0,100.0,0,1,0.993407209924
0,lt,central,0,0,2.4,100.0,140.0,0,1,1.00958478451
0,lt,up,0,0,2.4,100.0,140.0,0,1,1.02857274669
0,lt,down,0,0,2.4,100.0,140.0,0,1,0.988289434296
0,lt,up_jes,0,0,2.4,100.0,140.0,0,1,1.01041328907
0,lt,down_jes,0,0,2.4,100.0,140.0,0,1,1.00622161044
0,lt,up_gluonsplitting,0,0,2.4,100.0,140.0,0,1,1.02261257172
0,lt,down_gluonsplitting,0,0,2.4,100.0,140.0,0,1,0.992843747139
0,lt,up_bfragmentation,0,0,2.4,100.0,140.0,0,1,1.01700019836
0,lt,down_bfragmentation,0,0,2.4,100.0,140.0,0,1,1.0048353672
0,lt,up_cfragmentation,0,0,2.4,100.0,140.0,0,1,1.00958478451
0,lt,down_cfragmentation,0,0,2.4,100.0,140.0,0,1,1.00958478451
0,lt,up_dmux,0,0,2.4,100.0,140.0,0,1,1.00958478451
0,lt,down_dmux,0,0,2.4,100.0,140.0,0,1,1.00753772259
0,lt,up_ksl,0,0,2.4,100.0,140.0,0,1,1.00942182541
0,lt,down_ksl,0,0,2.4,100.0,140.0,0,1,1.00958478451
0,lt,up_cb,0,0,2.4,100.0,140.0,0,1,1.01182630928
0,lt,down_cb,0,0,2.4,100.0,140.0,0,1,1.00734325974
0,lt,up_ltothers,0,0,2.4,100.0,140.0,0,1,1.01901179864
0,lt,down_ltothers,0,0,2.4,100.0,140.0,0,1,1.00015777037
0,lt,up_statistic,0,0,2.4,100.0,140.0,0,1,1.01556221881
0,lt,down_statistic,0,0,2.4,100.0,140.0,0,1,1.0036073502
0,lt,central,0,0,2.4,140.0,200.0,0,1,1.01662778854
0,lt,up,0,0,2.4,140.0,200.0,0,1,1.03970398944
0,lt,down,0,0,2.4,140.0,200.0,0,1,0.989318932675
0,lt,up_jes,0,0,2.4,140.0,200.0,0,1,1.01740109935
0,lt,down_jes,0,0,2.4,140.0,200.0,0,1,1.01333699315
0,lt,up_gluonsplitting,0,0,2.4,140.0,200.0,0,1,1.03300273418
0,lt,down_gluonsplitting,0,0,2.4,140.0,200.0,0,1,0.994785070419
0,lt,up_bfragmentation,0,0,2.4,140.0,200.0,0,1,1.02147483826
0,lt,down_bfragmentation,0,0,2.4,140.0,200.0,0,1,1.013869524
0,lt,up_cfragmentation,0,0,2.4,140.0,200.0,0,1,1.01662790775
0,lt,down_cfragmentation,0,0,2.4,140.0,200.0,0,1,1.01662790775
0,lt,up_dmux,0,0,2.4,140.0,200.0,0,1,1.01662790775
0,lt,down_dmux,0,0,2.4,140.0,200.0,0,1,1.01347696781
0,lt,up_ksl,0,0,2.4,140.0,200.0,0,1,1.01647305489
0,lt,down_ksl,0,0,2.4,140.0,200.0,0,1,1.01662790775
0,lt,up_cb,0,0,2.4,140.0,200.0,0,1,1.01825450645
0,lt,down_cb,0,0,2.4,140.0,200.0,0,1,1.01500107064
0,lt,up_ltothers,0,0,2.4,140.0,200.0,0,1,1.02738008618
0,lt,down_ltothers,0,0,2.4,140.0,200.0,0,1,1.00587549091
0,lt,up_statistic,0,0,2.4,140.0,200.0,0,1,1.02366957801
0,lt,down_statistic,0,0,2.4,140.0,200.0,0,1,1.00958599908
0,lt,central,0,0,2.4,200.0,300.0,0,1,1.03660798073
0,lt,up,0,0,2.4,200.0,300.0,0,1,1.06806097509
0,lt,down,0,0,2.4,200.0,300.0,0,1,0.998938989431
0,lt,up_jes,0,0,2.4,200.0,300.0,0,1,1.03787671745
0,lt,down_jes,0,0,2.4,200.0,300.0,0,1,1.03365986952
0,lt,up_gluonsplitting,0,0,2.4,200.0,300.0,0,1,1.05842709541
0,lt,down_gluonsplitting,0,0,2.4,200.0,300.0,0,1,1.0067088604
0,lt,up_bfragmentation,0,0,2.4,200.0,300.0,0,1,1.03287899494
0,lt,down_bfragmentation,0,0,2.4,200.0,300.0,0,1,1.04108083248
0,lt,up_cfragmentation,0,0,2.4,200.0,300.0,0,1,1.03660833836
0,lt,down_cfragmentation,0,0,2.4,200.0,300.0,0,1,1.03660833836
0,lt,up_dmux,0,0,2.4,200.0,300.0,0,1,1.03660833836
0,lt,down_dmux,0,0,2.4,200.0,300.0,0,1,1.03332769871
0,lt,up_ksl,0,0,2.4,200.0,300.0,0,1,1.03641414642
0,lt,down_ksl,0,0,2.4,200.0,300.0,0,1,1.03660833836
0,lt,up_cb,0,0,2.4,200.0,300.0,0,1,1.03740283706
0,lt,down_cb,0,0,2.4,200.0,300.0,0,1,1.0358131244
0,lt,up_ltothers,0,0,2.4,200.0,300.0,0,1,1.05540836775
0,lt,down_ltothers,0,0,2.4,200.0,300.0,0,1,1.0178075937
0,lt,up_statistic,0,0,2.4,200.0,300.0,0,1,1.04308295615
0,lt,down_statistic,0,0,2.4,200.0,300.0,0,1,1.03013300531
0,lt,central,0,0,2.4,300.0,670.0,0,1,1.0502666235
0,lt,up,0,0,2.4,300.0,670.0,0,1,1.08931283059
0,lt,down,0,0,2.4,300.0,670.0,0,1,1.0008104564
0,lt,up_jes,0,0,2.4,300.0,670.0,0,1,1.05086097086
0,lt,down_jes,0,0,2.4,300.0,670.0,0,1,1.04777024197
0,lt,up_gluonsplitting,0,0,2.4,300.0,670.0,0,1,1.07758831978
0,lt,down_gluonsplitting,0,0,2.4,300.0,670.0,0,1,1.01123249531
0,lt,up_bfragmentation,0,0,2.4,300.0,670.0,0,1,1.03070211411
0,lt,down_bfragmentation,0,0,2.4,300.0,670.0,0,1,1.0662728548
0,lt,up_cfragmentation,0,0,2.4,300.0,670.0,0,1,1.05026674271
0,lt,down_cfragmentation,0,0,2.4,300.0,670.0,0,1,1.05026674271
0,lt,up_dmux,0,0,2.4,300.0,670.0,0,1,1.05026674271
0,lt,down_dmux,0,0,2.4,300.0,670.0,0,1,1.04685747623
0,lt,up_ksl,0,0,2.4,300.0,670.0,0,1,1.05005085468
0,lt,down_ksl,0,0,2.4,300.0,670.0,0,1,1.05026674271
0,lt,up_cb,0,0,2.4,300.0,670.0,0,1,1.0506164762
0,lt,down_cb,0,0,2.4,300.0,670.0,0,1,1.0499167708
0,lt,up_ltothers,0,0,2.4,300.0,670.0,0,1,1.06836410602
0,lt,down_ltothers,0,0,2.4,300.0,670.0,0,1,1.03216914097
0,lt,up_statistic,0,0,2.4,300.0,670.0,0,1,1.06003313782
0,lt,down_statistic,0,0,2.4,300.0,670.0,0,1,1.04050010918
0,lt,central,0,0,2.4,670.0,1000.0,0,1,1.05109095573
0,lt,up,0,0,2.4,670.0,1000.0,0,1,1.09733360956
0,lt,down,0,0,2.4,670.0,1000.0,0,1,0.994415526552
0,lt,up_jes,0,0,2.4,670.0,1000.0,0,1,1.05109095573
0,lt,down_jes,0,0,2.4,670.0,1000.0,0,1,1.0429229312
0,lt,up_gluonsplitting,0,0,2.4,670.0,1000.0,0,1,1.07671618462
0,lt,down_gluonsplitting,0,0,2.4,670.0,1000.0,0,1,1.01186788082
0,lt,up_bfragmentation,0,0,2.4,670.0,1000.0,0,1,1.01905810833
0,lt,down_bfragmentation,0,0,2.4,670.0,1000.0,0,1,1.0816488266
0,lt,up_cfragmentation,0,0,2.4,670.0,1000.0,0,1,1.05109143257
0,lt,down_cfragmentation,0,0,2.4,670.0,1000.0,0,1,1.05109143257
0,lt,up_dmux,0,0,2.4,670.0,1000.0,0,1,1.05109143257
0,lt,down_dmux,0,0,2.4,670.0,1000.0,0,1,1.04535663128
0,lt,up_ksl,0,0,2.4,670.0,1000.0,0,1,1.051019907
0,lt,down_ksl,0,0,2.4,670.0,1000.0,0,1,1.05109143257
0,lt,up_cb,0,0,2.4,670.0,1000.0,0,1,1.05112422217
0,lt,down_cb,0,0,2.4,670.0,1000.0,0,1,1.0510576893
0,lt,up_ltothers,0,0,2.4,670.0,1000.0,0,1,1.07198715314
0,lt,down_ltothers,0,0,2.4,670.0,1000.0,0,1,1.03019475833
0,lt,up_statistic,0,0,2.4,670.0,1000.0,0,1,1.06865456824
0,lt,down_statistic,0,0,2.4,670.0,1000.0,0,1,1.03352734323
1,lt,central,0,0,2.4,20.0,30.0,0,1,1.03342843056
1,lt,up,0,0,2.4,20.0,30.0,0,1,1.11732395672
1,lt,down,0,0,2.4,20.0,30.0,0,1,0.949492372749
1,lt,up_jes,0,0,2.4,20.0,30.0,0,1,1.05899072093
1,lt,down_jes,0,0,2.4,20.0,30.0,0,1,1.02410721779
1,lt,up_gluonsplitting,0,0,2.4,20.0,30.0,0,1,1.03467690945
1,lt,down_gluonsplitting,0,0,2.4,20.0,30.0,0,1,1.03189444542
1,lt,up_bfragmentation,0,0,2.4,20.0,30.0,0,1,1.0602902174
1,lt,down_bfragmentation,0,0,2.4,20.0,30.0,0,1,0.997470974922
1,lt,up_cfragmentation,0,0,2.4,20.0,30.0,0,1,1.03342843056
1,lt,down_cfragmentation,0,0,2.4,20.0,30.0,0,1,1.03342843056
1,lt,up_dmux,0,0,2.4,20.0,30.0,0,1,1.03342843056
1,lt,down_dmux,0,0,2.4,20.0,30.0,0,1,1.03234493732
1,lt,up_ksl,0,0,2.4,20.0,30.0,0,1,1.03348517418
1,lt,down_ksl,0,0,2.4,20.0,30.0,0,1,1.03342843056
1,lt,up_cb,0,0,2.4,20.0,30.0,0,1,1.07607203582
1,lt,down_cb,0,0,2.4,20.0,30.0,0,1,0.99078482529
1,lt,up_ltothers,0,0,2.4,20.0,30.0,0,1,1.08253587544
1,lt,down_ltothers,0,0,2.4,20.0,30.0,0,1,0.984320985679
1,lt,up_statistic,0,0,2.4,20.0,30.0,0,1,1.04363495453
1,lt,down_statistic,0,0,2.4,20.0,30.0,0,1,1.02322190659
1,lt,central,0,0,2.4,30.0,50.0,0,1,1.00881171227
1,lt,up,0,0,2.4,30.0,50.0,0,1,1.04274393536
1,lt,down,0,0,2.4,30.0,50.0,0,1,0.973389686929
1,lt,up_jes,0,0,2.4,30.0,50.0,0,1,1.01974556635
1,lt,down_jes,0,0,2.4,30.0,50.0,0,1,0.99586750777
1,lt,up_gluonsplitting,0,0,2.4,30.0,50.0,0,1,1.01140701771
1,lt,down_gluonsplitting,0,0,2.4,30.0,50.0,0,1,1.00568699837
1,lt,up_bfragmentation,0,0,2.4,30.0,50.0,0,1,1.01869273186
1,lt,down_bfragmentation,0,0,2.4,30.0,50.0,0,1,0.996466219425
1,lt,up_cfragmentation,0,0,2.4,30.0,50.0,0,1,1.00881171227
1,lt,down_cfragmentation,0,0,2.4,30.0,50.0,0,1,1.00881171227
1,lt,up_dmux,0,0,2.4,30.0,50.0,0,1,1.00881171227
1,lt,down_dmux,0,0,2.4,30.0,50.0,0,1,1.01038849354
1,lt,up_ksl,0,0,2.4,30.0,50.0,0,1,1.0087646246
1,lt,down_ksl,0,0,2.4,30.0,50.0,0,1,1.00881171227
1,lt,up_cb,0,0,2.4,30.0,50.0,0,1,1.02301804242
1,lt,down_cb,0,0,2.4,30.0,50.0,0,1,0.994605382107
1,lt,up_ltothers,0,0,2.4,30.0,50.0,0,1,1.01574030961
1,lt,down_ltothers,0,0,2.4,30.0,50.0,0,1,1.00188311492
1,lt,up_statistic,0,0,2.4,30.0,50.0,0,1,1.0125864282
1,lt,down_statistic,0,0,2.4,30.0,50.0,0,1,1.00503699633
1,lt,central,0,0,2.4,50.0,70.0,0,1,1.01447427273
1,lt,up,0,0,2.4,50.0,70.0,0,1,1.05791970566
1,lt,down,0,0,2.4,50.0,70.0,0,1,0.95162688273
1,lt,up_jes,0,0,2.4,50.0,70.0,0,1,1.01736152172
1,lt,down_jes,0,0,2.4,50.0,70.0,0,1,0.968685951068
1,lt,up_gluonsplitting,0,0,2.4,50.0,70.0,0,1,1.02159655094
1,lt,down_gluonsplitting,0,0,2.4,50.0,70.0,0,1,1.00602507591
1,lt,up_bfragmentation,0,0,2.4,50.0,70.0,0,1,1.02886962891
1,lt,down_bfragmentation,0,0,2.4,50.0,70.0,0,1,1.0018004179
1,lt,up_cfragmentation,0,0,2.4,50.0,70.0,0,1,1.01447451115
1,lt,down_cfragmentation,0,0,2.4,50.0,70.0,0,1,1.01447451115
1,lt,up_dmux,0,0,2.4,50.0,70.0,0,1,1.01447451115
1,lt,down_dmux,0,0,2.4,50.0,70.0,0,1,1.01463615894
1,lt,up_ksl,0,0,2.4,50.0,70.0,0,1,1.01433861256
1,lt,down_ksl,0,0,2.4,50.0,70.0,0,1,1.01447451115
1,lt,up_cb,0,0,2.4,50.0,70.0,0,1,1.02004053449
1,lt,down_cb,0,0,2.4,50.0,70.0,0,1,1.00890801097
1,lt,up_ltothers,0,0,2.4,50.0,70.0,0,1,1.05333302575
1,lt,down_ltothers,0,0,2.4,50.0,70.0,0,1,0.97561551971
1,lt,up_statistic,0,0,2.4,50.0,70.0,0,1,1.02285834327
1,lt,down_statistic,0,0,2.4,50.0,70.0,0,1,1.00609020219
1,lt,central,0,0,2.4,70.0,100.0,0,1,0.996524631977
1,lt,up,0,0,2.4,70.0,100.0,0,1,1.02168987091
1,lt,down,0,0,2.4,70.0,100.0,0,1,0.970979298321
1,lt,up_jes,0,0,2.4,70.0,100.0,0,1,0.999950349331
1,lt,down_jes,0,0,2.4,70.0,100.0,0,1,0.994484500484
1,lt,up_gluonsplitting,0,0,2.4,70.0,100.0,0,1,1.00542974472
1,lt,down_gluonsplitting,0,0,2.4,70.0,100.0,0,1,0.985372424126
1,lt,up_bfragmentation,0,0,2.4,70.0,100.0,0,1,1.00609993935
1,lt,down_bfragmentation,0,0,2.4,70.0,100.0,0,1,0.98797172308
1,lt,up_cfragmentation,0,0,2.4,70.0,100.0,0,1,0.996524751186
1,lt,down_cfragmentation,0,0,2.4,70.0,100.0,0,1,0.996524751186
1,lt,up_dmux,0,0,2.4,70.0,100.0,0,1,0.996524751186
1,lt,down_dmux,0,0,2.4,70.0,100.0,0,1,0.995971262455
1,lt,up_ksl,0,0,2.4,70.0,100.0,0,1,0.996450066566
1,lt,down_ksl,0,0,2.4,70.0,100.0,0,1,0.996524751186
1,lt,up_cb,0,0,2.4,70.0,100.0,0,1,1.00073459797
1,lt,down_cb,0,0,2.4,70.0,100.0,0,1,0.99231466598
1,lt,up_ltothers,0,0,2.4,70.0,100.0,0,1,1.01556884066
1,lt,down_ltothers,0,0,2.4,70.0,100.0,0,1,0.977480423292
1,lt,up_statistic,0,0,2.4,70.0,100.0,0,1,1.00336394813
1,lt,down_statistic,0,0,2.4,70.0,100.0,0,1,0.989685315822
1,lt,central,0,0,2.4,100.0,140.0,0,1,1.01219141483
1,lt,up,0,0,2.4,100.0,140.0,0,1,1.03587344318
1,lt,down,0,0,2.4,100.0,140.0,0,1,0.986613533412
1,lt,up_jes,0,0,2.4,100.0,140.0,0,1,1.013022542
1,lt,down_jes,0,0,2.4,100.0,140.0,0,1,1.0088203013
1,lt,up_gluonsplitting,0,0,2.4,100.0,140.0,0,1,1.02525317669
1,lt,down_gluonsplitting,0,0,2.4,100.0,140.0,0,1,0.995407640934
1,lt,up_bfragmentation,0,0,2.4,100.0,140.0,0,1,1.0196262598
1,lt,down_bfragmentation,0,0,2.4,100.0,140.0,0,1,1.0074300766
1,lt,up_cfragmentation,0,0,2.4,100.0,140.0,0,1,1.01219189167
1,lt,down_cfragmentation,0,0,2.4,100.0,140.0,0,1,1.01219189167
1,lt,up_dmux,0,0,2.4,100.0,140.0,0,1,1.01219189167
1,lt,down_dmux,0,0,2.4,100.0,140.0,0,1,1.01013946533
1,lt,up_ksl,0,0,2.4,100.0,140.0,0,1,1.01202845573
1,lt,down_ksl,0,0,2.4,100.0,140.0,0,1,1.01219189167
1,lt,up_cb,0,0,2.4,100.0,140.0,0,1,1.01653000976
1,lt,down_cb,0,0,2.4,100.0,140.0,0,1,1.00785281991
1,lt,up_ltothers,0,0,2.4,100.0,140.0,0,1,1.02814804331
1,lt,down_ltothers,0,0,2.4,100.0,140.0,0,1,0.996234786359
1,lt,up_statistic,0,0,2.4,100.0,140.0,0,1,1.01803943619
1,lt,down_statistic,0,0,2.4,100.0,140.0,0,1,1.00634339348
1,lt,central,0,0,2.4,140.0,200.0,0,1,1.00128352642
1,lt,up,0,0,2.4,140.0,200.0,0,1,1.02339199408
1,lt,down,0,0,2.4,140.0,200.0,0,1,0.974907832048
1,lt,up_jes,0,0,2.4,140.0,200.0,0,1,1.00204491619
1,lt,down_jes,0,0,2.4,140.0,200.0,0,1,0.99804213709
1,lt,up_gluonsplitting,0,0,2.4,140.0,200.0,0,1,1.01741111279
1,lt,down_gluonsplitting,0,0,2.4,140.0,200.0,0,1,0.979770302773
1,lt,up_bfragmentation,0,0,2.4,140.0,200.0,0,1,1.00605726242
1,lt,down_bfragmentation,0,0,2.4,140.0,200.0,0,1,0.998566806316
1,lt,up_cfragmentation,0,0,2.4,140.0,200.0,0,1,1.00128340721
1,lt,down_cfragmentation,0,0,2.4,140.0,200.0,0,1,1.00128340721
1,lt,up_dmux,0,0,2.4,140.0,200.0,0,1,1.00128340721
1,lt,down_dmux,0,0,2.4,140.0,200.0,0,1,0.998180150986
1,lt,up_ksl,0,0,2.4,140.0,200.0,0,1,1.00113081932
1,lt,down_ksl,0,0,2.4,140.0,200.0,0,1,1.00128340721
1,lt,up_cb,0,0,2.4,140.0,200.0,0,1,1.00548630459
1,lt,down_cb,0,0,2.4,140.0,200.0,0,1,0.997080748254
1,lt,up_ltothers,0,0,2.4,140.0,200.0,0,1,1.01991206905
1,lt,down_ltothers,0,0,2.4,140.0,200.0,0,1,0.982654983793
1,lt,up_statistic,0,0,2.4,140.0,200.0,0,1,1.00817334845
1,lt,down_statistic,0,0,2.4,140.0,200.0,0,1,0.994393704389
1,lt,central,0,0,2.4,200.0,300.0,0,1,1.02279293537
1,lt,up,0,0,2.4,200.0,300.0,0,1,1.05501308782
1,lt,down,0,0,2.4,200.0,300.0,0,1,0.984629817671
1,lt,up_jes,0,0,2.4,200.0,300.0,0,1,1.02404467077
1,lt,down_jes,0,0,2.4,200.0,300.0,0,1,1.01988397779
1,lt,up_gluonsplitting,0,0,2.4,200.0,300.0,0,1,1.0443212986
1,lt,down_gluonsplitting,0,0,2.4,200.0,300.0,0,1,0.993292331696
1,lt,up_bfragmentation,0,0,2.4,200.0,300.0,0,1,1.01911365986
1,lt,down_bfragmentation,0,0,2.4,200.0,300.0,0,1,1.02720594406
1,lt,up_cfragmentation,0,0,2.4,200.0,300.0,0,1,1.02279317379
1,lt,down_cfragmentation,0,0,2.4,200.0,300.0,0,1,1.02279317379
1,lt,up_dmux,0,0,2.4,200.0,300.0,0,1,1.02279317379
1,lt,down_dmux,0,0,2.4,200.0,300.0,0,1,1.01955628395
1,lt,up_ksl,0,0,2.4,200.0,300.0,0,1,1.02260160446
1,lt,down_ksl,0,0,2.4,200.0,300.0,0,1,1.02279317379
1,lt,up_cb,0,0,2.4,200.0,300.0,0,1,1.02569194595
1,lt,down_cb,0,0,2.4,200.0,300.0,0,1,1.0198939248
1,lt,up_ltothers,0,0,2.4,200.0,300.0,0,1,1.03845407707
1,lt,down_ltothers,0,0,2.4,200.0,300.0,0,1,1.00713179367
1,lt,up_statistic,0,0,2.4,200.0,300.0,0,1,1.02936975493
1,lt,down_statistic,0,0,2.4,200.0,300.0,0,1,1.01621611582
1,lt,central,0,0,2.4,300.0,670.0,0,1,1.01336824894
1,lt,up,0,0,2.4,300.0,670.0,0,1,1.05551880152
1,lt,down,0,0,2.4,300.0,670.0,0,1,0.962042171539
1,lt,up_jes,0,0,2.4,300.0,670.0,0,1,1.01394163967
1,lt,down_jes,0,0,2.4,300.0,670.0,0,1,1.01095966194
1,lt,up_gluonsplitting,0,0,2.4,300.0,670.0,0,1,1.03973019123
1,lt,down_gluonsplitting,0,0,2.4,300.0,670.0,0,1,0.975705504417
1,lt,up_bfragmentation,0,0,2.4,300.0,670.0,0,1,0.994491100311
1,lt,down_bfragmentation,0,0,2.4,300.0,670.0,0,1,1.02881217003
1,lt,up_cfragmentation,0,0,2.4,300.0,670.0,0,1,1.01336836815
1,lt,down_cfragmentation,0,0,2.4,300.0,670.0,0,1,1.01336836815
1,lt,up_dmux,0,0,2.4,300.0,670.0,0,1,1.01336836815
1,lt,down_dmux,0,0,2.4,300.0,670.0,0,1,1.01007902622
1,lt,up_ksl,0,0,2.4,300.0,670.0,0,1,1.01316022873
1,lt,down_ksl,0,0,2.4,300.0,670.0,0,1,1.01336836815
1,lt,up_cb,0,0,2.4,300.0,670.0,0,1,1.01533741522
1,lt,down_cb,0,0,2.4,300.0,670.0,0,1,1.01139908266
1,lt,up_ltothers,0,0,2.4,300.0,670.0,0,1,1.02987954533
1,lt,down_ltothers,0,0,2.4,300.0,670.0,0,1,0.996856952551
1,lt,up_statistic,0,0,2.4,300.0,670.0,0,1,1.02295731639
1,lt,down_statistic,0,0,2.4,300.0,670.0,0,1,1.00377918149
1,lt,central,0,0,2.4,670.0,1000.0,0,1,0.966491281986
1,lt,up,0,0,2.4,670.0,1000.0,0,1,1.01049906485
1,lt,down,0,0,2.4,670.0,1000.0,0,1,0.913162473589
1,lt,up_jes,0,0,2.4,670.0,1000.0,0,1,0.966491281986
1,lt,down_jes,0,0,2.4,670.0,1000.0,0,1,0.958983453553
1,lt,up_gluonsplitting,0,0,2.4,670.0,1000.0,0,1,0.990056157112
1,lt,down_gluonsplitting,0,0,2.4,670.0,1000.0,0,1,0.930427193642
1,lt,up_bfragmentation,0,0,2.4,670.0,1000.0,0,1,0.937038719654
1,lt,down_bfragmentation,0,0,2.4,670.0,1000.0,0,1,0.994591891766
1,lt,up_cfragmentation,0,0,2.4,670.0,1000.0,0,1,0.966493844986
1,lt,down_cfragmentation,0,0,2.4,670.0,1000.0,0,1,0.966493844986
1,lt,up_dmux,0,0,2.4,670.0,1000.0,0,1,0.966493844986
1,lt,down_dmux,0,0,2.4,670.0,1000.0,0,1,0.961220502853
1,lt,up_ksl,0,0,2.4,670.0,1000.0,0,1,0.966428101063
1,lt,down_ksl,0,0,2.4,670.0,1000.0,0,1,0.966493844986
1,lt,up_cb,0,0,2.4,670.0,1000.0,0,1,0.96737501897
1,lt,down_cb,0,0,2.4,670.0,1000.0,0,1,0.965607545003
1,lt,up_ltothers,0,0,2.4,670.0,1000.0,0,1,0.981940466562
1,lt,down_ltothers,0,0,2.4,670.0,1000.0,0,1,0.95104209741
1,lt,up_statistic,0,0,2.4,670.0,1000.0,0,1,0.981610536613
1,lt,down_statistic,0,0,2.4,670.0,1000.0,0,1,0.951372027359
2,lt,central,0,0,2.4,20.0,30.0,0,1,0.96707868576
2,lt,up,0,0,2.4,20.0,30.0,0,1,1.02629777642
2,lt,down,0,0,2.4,20.0,30.0,0,1,0.907809479055
2,lt,up_jes,0,0,2.4,20.0,30.0,0,1,0.990999949314
2,lt,down_jes,0,0,2.4,20.0,30.0,0,1,0.958356022835
2,lt,up_gluonsplitting,0,0,2.4,20.0,30.0,0,1,0.968247175217
2,lt,down_gluonsplitting,0,0,2.4,20.0,30.0,0,1,0.9656432271
2,lt,up_bfragmentation,0,0,2.4,20.0,30.0,0,1,0.992215931416
2,lt,down_bfragmentation,0,0,2.4,20.0,30.0,0,1,0.933429896832
2,lt,up_cfragmentation,0,0,2.4,20.0,30.0,0,1,0.96707880497
2,lt,down_cfragmentation,0,0,2.4,20.0,30.0,0,1,0.96707880497
2,lt,up_dmux,0,0,2.4,20.0,30.0,0,1,0.96707880497
2,lt,down_dmux,0,0,2.4,20.0,30.0,0,1,0.966064810753
2,lt,up_ksl,0,0,2.4,20.0,30.0,0,1,0.967131853104
2,lt,down_ksl,0,0,2.4,20.0,30.0,0,1,0.96707880497
2,lt,up_cb,0,0,2.4,20.0,30.0,0,1,1.00882781658
2,lt,down_cb,0,0,2.4,20.0,30.0,0,1,0.925329554937
2,lt,up_ltothers,0,0,2.4,20.0,30.0,0,1,0.97394929216
2,lt,down_ltothers,0,0,2.4,20.0,30.0,0,1,0.960208079361
2,lt,up_statistic,0,0,2.4,20.0,30.0,0,1,0.976592535942
2,lt,down_statistic,0,0,2.4,20.0,30.0,0,1,0.957564835579
2,lt,central,0,0,2.4,30.0,50.0,0,1,0.986394524574
2,lt,up,0,0,2.4,30.0,50.0,0,1,1.03927429145
2,lt,down,0,0,2.4,30.0,50.0,0,1,0.932590259008
2,lt,up_jes,0,0,2.4,30.0,50.0,0,1,0.997086944649
2,lt,down_jes,0,0,2.4,30.0,50.0,0,1,0.97373954919
2,lt,up_gluonsplitting,0,0,2.4,30.0,50.0,0,1,0.988933563232
2,lt,down_gluonsplitting,0,0,2.4,30.0,50.0,0,1,0.983340680599
2,lt,up_bfragmentation,0,0,2.4,30.0,50.0,0,1,0.996057450771
2,lt,down_bfragmentation,0,0,2.4,30.0,50.0,0,1,0.974324703217
2,lt,up_cfragmentation,0,0,2.4,30.0,50.0,0,1,0.986395955086
2,lt,down_cfragmentation,0,0,2.4,30.0,50.0,0,1,0.986395955086
2,lt,up_dmux,0,0,2.4,30.0,50.0,0,1,0.986395955086
2,lt,down_dmux,0,0,2.4,30.0,50.0,0,1,0.987937569618
2,lt,up_ksl,0,0,2.4,30.0,50.0,0,1,0.986349821091
2,lt,down_ksl,0,0,2.4,30.0,50.0,0,1,0.986395955086
2,lt,up_cb,0,0,2.4,30.0,50.0,0,1,1.00090314144
2,lt,down_cb,0,0,2.4,30.0,50.0,0,1,0.971885907704
2,lt,up_ltothers,0,0,2.4,30.0,50.0,0,1,1.02772718278
2,lt,down_ltothers,0,0,2.4,30.0,50.0,0,1,0.94506186637
2,lt,up_statistic,0,0,2.4,30.0,50.0,0,1,0.990059577879
2,lt,down_statistic,0,0,2.4,30.0,50.0,0,1,0.98272947127
2,lt,central,0,0,2.4,50.0,70.0,0,1,0.962884426117
2,lt,up,0,0,2.4,50.0,70.0,0,1,1.0090425367
2,lt,down,0,0,2.4,50.0,70.0,0,1,0.899729817612
2,lt,up_jes,0,0,2.4,50.0,70.0,0,1,0.965624451637
2,lt,down_jes,0,0,2.4,50.0,70.0,0,1,0.919424171088
2,lt,up_gluonsplitting,0,0,2.4,50.0,70.0,0,1,0.969644129276
2,lt,down_gluonsplitting,0,0,2.4,50.0,70.0,0,1,0.954864621162
2,lt,up_bfragmentation,0,0,2.4,50.0,70.0,0,1,0.97654747963
2,lt,down_bfragmentation,0,0,2.4,50.0,70.0,0,1,0.950854897499
2,lt,up_cfragmentation,0,0,2.4,50.0,70.0,0,1,0.962884366512
2,lt,down_cfragmentation,0,0,2.4,50.0,70.0,0,1,0.962884366512
2,lt,up_dmux,0,0,2.4,50.0,70.0,0,1,0.962884366512
2,lt,down_dmux,0,0,2.4,50.0,70.0,0,1,0.963037788868
2,lt,up_ksl,0,0,2.4,50.0,70.0,0,1,0.962755262852
2,lt,down_ksl,0,0,2.4,50.0,70.0,0,1,0.962884366512
2,lt,up_cb,0,0,2.4,50.0,70.0,0,1,0.968336584816
2,lt,down_cb,0,0,2.4,50.0,70.0,0,1,0.957432267418
2,lt,up_ltothers,0,0,2.4,50.0,70.0,0,1,1.0054374161
2,lt,down_ltothers,0,0,2.4,50.0,70.0,0,1,0.920331436135
2,lt,up_statistic,0,0,2.4,50.0,70.0,0,1,0.970592918941
2,lt,down_statistic,0,0,2.4,50.0,70.0,0,1,0.955175933293
2,lt,central,0,0,2.4,70.0,100.0,0,1,0.965045690536
2,lt,up,0,0,2.4,70.0,100.0,0,1,1.0175523246
2,lt,down,0,0,2.4,70.0,100.0,0,1,0.912367147045
2,lt,up_jes,0,0,2.4,70.0,100.0,0,1,0.96836322546
2,lt,down_jes,0,0,2.4,70.0,100.0,0,1,0.96306986361
2,lt,up_gluonsplitting,0,0,2.4,70.0,100.0,0,1,0.973669409752
2,lt,down_gluonsplitting,0,0,2.4,70.0,100.0,0,1,0.954245746136
2,lt,up_bfragmentation,0,0,2.4,70.0,100.0,0,1,0.974318385124
2,lt,down_bfragmentation,0,0,2.4,70.0,100.0,0,1,0.956762909889
2,lt,up_cfragmentation,0,0,2.4,70.0,100.0,0,1,0.965045690536
2,lt,down_cfragmentation,0,0,2.4,70.0,100.0,0,1,0.965045690536
2,lt,up_dmux,0,0,2.4,70.0,100.0,0,1,0.965045690536
2,lt,down_dmux,0,0,2.4,70.0,100.0,0,1,0.964509606361
2,lt,up_ksl,0,0,2.4,70.0,100.0,0,1,0.964973390102
2,lt,down_ksl,0,0,2.4,70.0,100.0,0,1,0.965045690536
2,lt,up_cb,0,0,2.4,70.0,100.0,0,1,0.969362009554
2,lt,down_cb,0,0,2.4,70.0,100.0,0,1,0.960729371519
2,lt,up_ltothers,0,0,2.4,70.0,100.0,0,1,1.0152182943
2,lt,down_ltothers,0,0,2.4,70.0,100.0,0,1,0.914873086778
2,lt,up_statistic,0,0,2.4,70.0,100.0,0,1,0.971577320163
2,lt,down_statistic,0,0,2.4,70.0,100.0,0,1,0.95851406091
2,lt,central,0,0,2.4,100.0,140.0,0,1,0.993258178234
2,lt,up,0,0,2.4,100.0,140.0,0,1,1.04065673919
2,lt,down,0,0,2.4,100.0,140.0,0,1,0.944919943617
2,lt,up_jes,0,0,2.4,100.0,140.0,0,1,0.994073212147
2,lt,down_jes,0,0,2.4,100.0,140.0,0,1,0.989949397704
2,lt,up_gluonsplitting,0,0,2.4,100.0,140.0,0,1,1.00607538223
2,lt,down_gluonsplitting,0,0,2.4,100.0,140.0,0,1,0.976787924767
2,lt,up_bfragmentation,0,0,2.4,100.0,140.0,0,1,1.00055372715
2,lt,down_bfragmentation,0,0,2.4,100.0,140.0,0,1,0.988585650921
2,lt,up_cfragmentation,0,0,2.4,100.0,140.0,0,1,0.993258178234
2,lt,down_cfragmentation,0,0,2.4,100.0,140.0,0,1,0.993258178234
2,lt,up_dmux,0,0,2.4,100.0,140.0,0,1,0.993258178234
2,lt,down_dmux,0,0,2.4,100.0,140.0,0,1,0.991244256496
2,lt,up_ksl,0,0,2.4,100.0,140.0,0,1,0.99309784174
2,lt,down_ksl,0,0,2.4,100.0,140.0,0,1,0.993258178234
2,lt,up_cb,0,0,2.4,100.0,140.0,0,1,0.997689486218
2,lt,down_cb,0,0,2.4,100.0,140.0,0,1,0.98882687025
2,lt,up_ltothers,0,0,2.4,100.0,140.0,0,1,1.03760951256
2,lt,down_ltothers,0,0,2.4,100.0,140.0,0,1,0.948906843908
2,lt,up_statistic,0,0,2.4,100.0,140.0,0,1,0.998916671855
2,lt,down_statistic,0,0,2.4,100.0,140.0,0,1,0.987599684613
2,lt,central,0,0,2.4,140.0,200.0,0,1,0.988282561302
2,lt,up,0,0,2.4,140.0,200.0,0,1,1.02793439942
2,lt,down,0,0,2.4,140.0,200.0,0,1,0.946165996543
2,lt,up_jes,0,0,2.4,140.0,200.0,0,1,0.989034295198
2,lt,down_jes,0,0,2.4,140.0,200.0,0,1,0.985083498396
2,lt,up_gluonsplitting,0,0,2.4,140.0,200.0,0,1,1.00420093536
2,lt,down_gluonsplitting,0,0,2.4,140.0,200.0,0,1,0.967048823833
2,lt,up_bfragmentation,0,0,2.4,140.0,200.0,0,1,0.992994487286
2,lt,down_bfragmentation,0,0,2.4,140.0,200.0,0,1,0.985601246357
2,lt,up_cfragmentation,0,0,2.4,140.0,200.0,0,1,0.988282680511
2,lt,down_cfragmentation,0,0,2.4,140.0,200.0,0,1,0.988282680511
2,lt,up_dmux,0,0,2.4,140.0,200.0,0,1,0.988282680511
2,lt,down_dmux,0,0,2.4,140.0,200.0,0,1,0.985219717026
2,lt,up_ksl,0,0,2.4,140.0,200.0,0,1,0.988131999969
2,lt,down_ksl,0,0,2.4,140.0,200.0,0,1,0.988282680511
2,lt,up_cb,0,0,2.4,140.0,200.0,0,1,0.992834714343
2,lt,down_cb,0,0,2.4,140.0,200.0,0,1,0.983730408262
2,lt,up_ltothers,0,0,2.4,140.0,200.0,0,1,1.01914523545
2,lt,down_ltothers,0,0,2.4,140.0,200.0,0,1,0.957419887158
2,lt,up_statistic,0,0,2.4,140.0,200.0,0,1,0.994935509883
2,lt,down_statistic,0,0,2.4,140.0,200.0,0,1,0.981629612721
2,lt,central,0,0,2.4,200.0,300.0,0,1,0.984950840473
2,lt,up,0,0,2.4,200.0,300.0,0,1,1.03343339488
2,lt,down,0,0,2.4,200.0,300.0,0,1,0.932620439594
2,lt,up_jes,0,0,2.4,200.0,300.0,0,1,0.986156170222
2,lt,down_jes,0,0,2.4,200.0,300.0,0,1,0.982149503571
2,lt,up_gluonsplitting,0,0,2.4,200.0,300.0,0,1,1.00568258762
2,lt,down_gluonsplitting,0,0,2.4,200.0,300.0,0,1,0.956541657448
2,lt,up_bfragmentation,0,0,2.4,200.0,300.0,0,1,0.981407701969
2,lt,down_bfragmentation,0,0,2.4,200.0,300.0,0,1,0.989200592041
2,lt,up_cfragmentation,0,0,2.4,200.0,300.0,0,1,0.984950959682
2,lt,down_cfragmentation,0,0,2.4,200.0,300.0,0,1,0.984950959682
2,lt,up_dmux,0,0,2.4,200.0,300.0,0,1,0.984950959682
2,lt,down_dmux,0,0,2.4,200.0,300.0,0,1,0.981834053993
2,lt,up_ksl,0,0,2.4,200.0,300.0,0,1,0.984766542912
2,lt,down_ksl,0,0,2.4,200.0,300.0,0,1,0.984950959682
2,lt,up_cb,0,0,2.4,200.0,300.0,0,1,0.988223617699
2,lt,down_cb,0,0,2.4,200.0,300.0,0,1,0.981678063248
2,lt,up_ltothers,0,0,2.4,200.0,300.0,0,1,1.00740538153
2,lt,down_ltothers,0,0,2.4,200.0,300.0,0,1,0.962496299415
2,lt,up_statistic,0,0,2.4,200.0,300.0,0,1,0.991319164233
2,lt,down_statistic,0,0,2.4,200.0,300.0,0,1,0.978582516714
2,lt,central,0,0,2.4,300.0,670.0,0,1,0.926663219929
2,lt,up,0,0,2.4,300.0,670.0,0,1,0.973123077404
2,lt,down,0,0,2.4,300.0,670.0,0,1,0.87303723059
2,lt,up_jes,0,0,2.4,300.0,670.0,0,1,0.927187425975
2,lt,down_jes,0,0,2.4,300.0,670.0,0,1,0.924460474191
2,lt,up_gluonsplitting,0,0,2.4,300.0,670.0,0,1,0.950769424438
2,lt,down_gluonsplitting,0,0,2.4,300.0,670.0,0,1,0.892222821712
2,lt,up_bfragmentation,0,0,2.4,300.0,670.0,0,1,0.90940117836
2,lt,down_bfragmentation,0,0,2.4,300.0,670.0,0,1,0.940785646439
2,lt,up_cfragmentation,0,0,2.4,300.0,670.0,0,1,0.926663219929
2,lt,down_cfragmentation,0,0,2.4,300.0,670.0,0,1,0.926663219929
2,lt,up_dmux,0,0,2.4,300.0,670.0,0,1,0.926663219929
2,lt,down_dmux,0,0,2.4,300.0,670.0,0,1,0.92365527153
2,lt,up_ksl,0,0,2.4,300.0,670.0,0,1,0.926472842693
2,lt,down_ksl,0,0,2.4,300.0,670.0,0,1,0.926663219929
2,lt,up_cb,0,0,2.4,300.0,670.0,0,1,0.928838670565
2,lt,down_cb,0,0,2.4,300.0,670.0,0,1,0.924487769292
2,lt,up_ltothers,0,0,2.4,300.0,670.0,0,1,0.944091999772
2,lt,down_ltothers,0,0,2.4,300.0,670.0,0,1,0.909234440085
2,lt,up_statistic,0,0,2.4,300.0,670.0,0,1,0.935786087244
2,lt,down_statistic,0,0,2.4,300.0,670.0,0,1,0.917540352613
2,lt,central,0,0,2.4,670.0,1000.0,0,1,0.829419851303
2,lt,up,0,0,2.4,670.0,1000.0,0,1,0.908721306764
2,lt,down,0,0,2.4,670.0,1000.0,0,1,0.746011796838
2,lt,up_jes,0,0,2.4,670.0,1000.0,0,1,0.829419851303
2,lt,down_jes,0,0,2.4,670.0,1000.0,0,1,0.822976686463
2,lt,up_gluonsplitting,0,0,2.4,670.0,1000.0,0,1,0.849642693996
2,lt,down_gluonsplitting,0,0,2.4,670.0,1000.0,0,1,0.798470497131
2,lt,up_bfragmentation,0,0,2.4,670.0,1000.0,0,1,0.804144382477
2,lt,down_bfragmentation,0,0,2.4,670.0,1000.0,0,1,0.853535056114
2,lt,up_cfragmentation,0,0,2.4,670.0,1000.0,0,1,0.829422056675
2,lt,down_cfragmentation,0,0,2.4,670.0,1000.0,0,1,0.829422056675
2,lt,up_dmux,0,0,2.4,670.0,1000.0,0,1,0.829422056675
2,lt,down_dmux,0,0,2.4,670.0,1000.0,0,1,0.82489657402
2,lt,up_ksl,0,0,2.4,670.0,1000.0,0,1,0.829365611076
2,lt,down_ksl,0,0,2.4,670.0,1000.0,0,1,0.829422056675
2,lt,up_cb,0,0,2.4,670.0,1000.0,0,1,0.830318821196
2,lt,down_cb,0,0,2.4,670.0,1000.0,0,1,0.82852088141
2,lt,up_ltothers,0,0,2.4,670.0,1000.0,0,1,0.901253595217
2,lt,down_ltothers,0,0,2.4,670.0,1000.0,0,1,0.757586107389
2,lt,up_statistic,0,0,2.4,670.0,1000.0,0,1,0.842623651561
2,lt,down_statistic,0,0,2.4,670.0,1000.0,0,1,0.816216051045

