DeepFlavour;OperatingPoint,measurementType,sysType,jetFlavor,etaMin,etaMax,ptMin,ptMax,discrMin,discrMax,formula
0,TnP,central,0,-2.4,2.4,30.0,50.0,0.0,1.0,"0.977816422136"
0,TnP,down,0,-2.4,2.4,30.0,50.0,0.0,1.0,"0.963406223657"
0,TnP,up,0,-2.4,2.4,30.0,50.0,0.0,1.0,"0.992226620614"
0,TnP,down_jer,0,-2.4,2.4,30.0,50.0,0.0,1.0,"0.977688172837"
0,TnP,up_jer,0,-2.4,2.4,30.0,50.0,0.0,1.0,"0.977944671435"
0,TnP,down_jes,0,-2.4,2.4,30.0,50.0,0.0,1.0,"0.977301940558"
0,TnP,up_jes,0,-2.4,2.4,30.0,50.0,0.0,1.0,"0.978330903714"
0,TnP,down_bkg,0,-2.4,2.4,30.0,50.0,0.0,1.0,"0.974910152417"
0,TnP,up_bkg,0,-2.4,2.4,30.0,50.0,0.0,1.0,"0.980722691854"
0,TnP,down_isr,0,-2.4,2.4,30.0,50.0,0.0,1.0,"0.975656124676"
0,TnP,up_isr,0,-2.4,2.4,30.0,50.0,0.0,1.0,"0.979976719596"
0,TnP,down_fsr,0,-2.4,2.4,30.0,50.0,0.0,1.0,"0.975423796275"
0,TnP,up_fsr,0,-2.4,2.4,30.0,50.0,0.0,1.0,"0.980209047997"
0,TnP,down_mescales,0,-2.4,2.4,30.0,50.0,0.0,1.0,"0.974535510145"
0,TnP,up_mescales,0,-2.4,2.4,30.0,50.0,0.0,1.0,"0.981097334127"
0,TnP,down_hdamp,0,-2.4,2.4,30.0,50.0,0.0,1.0,"0.977578913935"
0,TnP,up_hdamp,0,-2.4,2.4,30.0,50.0,0.0,1.0,"0.978053930337"
0,TnP,down_bfragmentation,0,-2.4,2.4,30.0,50.0,0.0,1.0,"0.977703875573"
0,TnP,up_bfragmentation,0,-2.4,2.4,30.0,50.0,0.0,1.0,"0.977928968699"
0,TnP,down_statistic,0,-2.4,2.4,30.0,50.0,0.0,1.0,"0.972295202635"
0,TnP,up_statistic,0,-2.4,2.4,30.0,50.0,0.0,1.0,"0.983337641637"
0,TnP,down_pileup,0,-2.4,2.4,30.0,50.0,0.0,1.0,"0.977192818684"
0,TnP,up_pileup,0,-2.4,2.4,30.0,50.0,0.0,1.0,"0.978440025588"
0,TnP,down_topmass,0,-2.4,2.4,30.0,50.0,0.0,1.0,"0.977019580488"
0,TnP,up_topmass,0,-2.4,2.4,30.0,50.0,0.0,1.0,"0.978613263784"
0,TnP,down_tune,0,-2.4,2.4,30.0,50.0,0.0,1.0,"0.97766555518"
0,TnP,up_tune,0,-2.4,2.4,30.0,50.0,0.0,1.0,"0.977967289092"
0,TnP,central,0,-2.4,2.4,50.0,70.0,0.0,1.0,"0.977274435964"
0,TnP,down,0,-2.4,2.4,50.0,70.0,0.0,1.0,"0.965690469521"
0,TnP,up,0,-2.4,2.4,50.0,70.0,0.0,1.0,"0.988858402407"
0,TnP,down_jer,0,-2.4,2.4,50.0,70.0,0.0,1.0,"0.977074055513"
0,TnP,up_jer,0,-2.4,2.4,50.0,70.0,0.0,1.0,"0.977474816416"
0,TnP,down_jes,0,-2.4,2.4,50.0,70.0,0.0,1.0,"0.976422708378"
0,TnP,up_jes,0,-2.4,2.4,50.0,70.0,0.0,1.0,"0.978126163551"
0,TnP,down_bdecay,0,-2.4,2.4,50.0,70.0,0.0,1.0,"0.977246364867"
0,TnP,up_bdecay,0,-2.4,2.4,50.0,70.0,0.0,1.0,"0.977302507061"
0,TnP,down_bkg,0,-2.4,2.4,50.0,70.0,0.0,1.0,"0.973394047169"
0,TnP,up_bkg,0,-2.4,2.4,50.0,70.0,0.0,1.0,"0.981154824759"
0,TnP,down_isr,0,-2.4,2.4,50.0,70.0,0.0,1.0,"0.97632935438"
0,TnP,up_isr,0,-2.4,2.4,50.0,70.0,0.0,1.0,"0.978219517548"
0,TnP,down_fsr,0,-2.4,2.4,50.0,70.0,0.0,1.0,"0.976335472564"
0,TnP,up_fsr,0,-2.4,2.4,50.0,70.0,0.0,1.0,"0.978213399364"
0,TnP,down_mescales,0,-2.4,2.4,50.0,70.0,0.0,1.0,"0.975751121078"
0,TnP,up_mescales,0,-2.4,2.4,50.0,70.0,0.0,1.0,"0.97879775085"
0,TnP,down_hdamp,0,-2.4,2.4,50.0,70.0,0.0,1.0,"0.977154727975"
0,TnP,up_hdamp,0,-2.4,2.4,50.0,70.0,0.0,1.0,"0.977394143954"
0,TnP,down_bfragmentation,0,-2.4,2.4,50.0,70.0,0.0,1.0,"0.977139915439"
0,TnP,up_bfragmentation,0,-2.4,2.4,50.0,70.0,0.0,1.0,"0.977408956489"
0,TnP,down_statistic,0,-2.4,2.4,50.0,70.0,0.0,1.0,"0.972489788035"
0,TnP,up_statistic,0,-2.4,2.4,50.0,70.0,0.0,1.0,"0.982059083894"
0,TnP,down_pileup,0,-2.4,2.4,50.0,70.0,0.0,1.0,"0.977195451352"
0,TnP,up_pileup,0,-2.4,2.4,50.0,70.0,0.0,1.0,"0.977353420577"
0,TnP,down_topmass,0,-2.4,2.4,50.0,70.0,0.0,1.0,"0.97725360958"
0,TnP,up_topmass,0,-2.4,2.4,50.0,70.0,0.0,1.0,"0.977295262348"
0,TnP,down_tune,0,-2.4,2.4,50.0,70.0,0.0,1.0,"0.977065315592"
0,TnP,up_tune,0,-2.4,2.4,50.0,70.0,0.0,1.0,"0.977483556336"
0,TnP,central,0,-2.4,2.4,70.0,100.0,0.0,1.0,"0.962568631766"
0,TnP,down,0,-2.4,2.4,70.0,100.0,0.0,1.0,"0.953907546473"
0,TnP,up,0,-2.4,2.4,70.0,100.0,0.0,1.0,"0.97122971706"
0,TnP,down_jer,0,-2.4,2.4,70.0,100.0,0.0,1.0,"0.962411748839"
0,TnP,up_jer,0,-2.4,2.4,70.0,100.0,0.0,1.0,"0.962725514694"
0,TnP,down_jes,0,-2.4,2.4,70.0,100.0,0.0,1.0,"0.962276812308"
0,TnP,up_jes,0,-2.4,2.4,70.0,100.0,0.0,1.0,"0.962860451225"
0,TnP,down_bkg,0,-2.4,2.4,70.0,100.0,0.0,1.0,"0.959223715945"
0,TnP,up_bkg,0,-2.4,2.4,70.0,100.0,0.0,1.0,"0.965913547588"
0,TnP,down_isr,0,-2.4,2.4,70.0,100.0,0.0,1.0,"0.962338629602"
0,TnP,up_isr,0,-2.4,2.4,70.0,100.0,0.0,1.0,"0.962798633931"
0,TnP,down_fsr,0,-2.4,2.4,70.0,100.0,0.0,1.0,"0.962436392578"
0,TnP,up_fsr,0,-2.4,2.4,70.0,100.0,0.0,1.0,"0.962700870955"
0,TnP,down_mescales,0,-2.4,2.4,70.0,100.0,0.0,1.0,"0.961643689637"
0,TnP,up_mescales,0,-2.4,2.4,70.0,100.0,0.0,1.0,"0.963493573896"
0,TnP,down_hdamp,0,-2.4,2.4,70.0,100.0,0.0,1.0,"0.962377694025"
0,TnP,up_hdamp,0,-2.4,2.4,70.0,100.0,0.0,1.0,"0.962759569508"
0,TnP,down_bfragmentation,0,-2.4,2.4,70.0,100.0,0.0,1.0,"0.962440039125"
0,TnP,up_bfragmentation,0,-2.4,2.4,70.0,100.0,0.0,1.0,"0.962697224408"
0,TnP,down_statistic,0,-2.4,2.4,70.0,100.0,0.0,1.0,"0.958742652373"
0,TnP,up_statistic,0,-2.4,2.4,70.0,100.0,0.0,1.0,"0.96639461116"
0,TnP,down_pileup,0,-2.4,2.4,70.0,100.0,0.0,1.0,"0.962355122898"
0,TnP,up_pileup,0,-2.4,2.4,70.0,100.0,0.0,1.0,"0.962782140635"
0,TnP,down_topmass,0,-2.4,2.4,70.0,100.0,0.0,1.0,"0.962316483619"
0,TnP,up_topmass,0,-2.4,2.4,70.0,100.0,0.0,1.0,"0.962820779914"
0,TnP,down_tune,0,-2.4,2.4,70.0,100.0,0.0,1.0,"0.962114677655"
0,TnP,up_tune,0,-2.4,2.4,70.0,100.0,0.0,1.0,"0.963022585878"
0,TnP,central,0,-2.4,2.4,100.0,140.0,0.0,1.0,"1.00546900196"
0,TnP,down,0,-2.4,2.4,100.0,140.0,0.0,1.0,"0.997690226706"
0,TnP,up,0,-2.4,2.4,100.0,140.0,0.0,1.0,"1.01324777722"
0,TnP,down_jer,0,-2.4,2.4,100.0,140.0,0.0,1.0,"1.00501367484"
0,TnP,up_jer,0,-2.4,2.4,100.0,140.0,0.0,1.0,"1.00592432909"
0,TnP,down_jes,0,-2.4,2.4,100.0,140.0,0.0,1.0,"1.00520945742"
0,TnP,up_jes,0,-2.4,2.4,100.0,140.0,0.0,1.0,"1.00572854651"
0,TnP,down_bdecay,0,-2.4,2.4,100.0,140.0,0.0,1.0,"1.00544682236"
0,TnP,up_bdecay,0,-2.4,2.4,100.0,140.0,0.0,1.0,"1.00549118157"
0,TnP,down_bkg,0,-2.4,2.4,100.0,140.0,0.0,1.0,"1.00269921701"
0,TnP,up_bkg,0,-2.4,2.4,100.0,140.0,0.0,1.0,"1.00823878692"
0,TnP,down_isr,0,-2.4,2.4,100.0,140.0,0.0,1.0,"1.00487554511"
0,TnP,up_isr,0,-2.4,2.4,100.0,140.0,0.0,1.0,"1.00606245882"
0,TnP,down_fsr,0,-2.4,2.4,100.0,140.0,0.0,1.0,"1.00442339972"
0,TnP,up_fsr,0,-2.4,2.4,100.0,140.0,0.0,1.0,"1.00651460421"
0,TnP,down_mescales,0,-2.4,2.4,100.0,140.0,0.0,1.0,"1.00415544016"
0,TnP,up_mescales,0,-2.4,2.4,100.0,140.0,0.0,1.0,"1.00678256377"
0,TnP,down_hdamp,0,-2.4,2.4,100.0,140.0,0.0,1.0,"1.00537337896"
0,TnP,up_hdamp,0,-2.4,2.4,100.0,140.0,0.0,1.0,"1.00556462497"
0,TnP,down_bfragmentation,0,-2.4,2.4,100.0,140.0,0.0,1.0,"1.00535530072"
0,TnP,up_bfragmentation,0,-2.4,2.4,100.0,140.0,0.0,1.0,"1.00558270321"
0,TnP,down_statistic,0,-2.4,2.4,100.0,140.0,0.0,1.0,"1.00215566379"
0,TnP,up_statistic,0,-2.4,2.4,100.0,140.0,0.0,1.0,"1.00878234014"
0,TnP,down_pileup,0,-2.4,2.4,100.0,140.0,0.0,1.0,"1.00533108082"
0,TnP,up_pileup,0,-2.4,2.4,100.0,140.0,0.0,1.0,"1.00560692311"
0,TnP,down_topmass,0,-2.4,2.4,100.0,140.0,0.0,1.0,"1.00504633995"
0,TnP,up_topmass,0,-2.4,2.4,100.0,140.0,0.0,1.0,"1.00589166398"
0,TnP,down_tune,0,-2.4,2.4,100.0,140.0,0.0,1.0,"1.00543436178"
0,TnP,up_tune,0,-2.4,2.4,100.0,140.0,0.0,1.0,"1.00550364215"
0,TnP,central,0,-2.4,2.4,140.0,200.0,0.0,1.0,"0.994487141753"
0,TnP,down,0,-2.4,2.4,140.0,200.0,0.0,1.0,"0.986573380961"
0,TnP,up,0,-2.4,2.4,140.0,200.0,0.0,1.0,"1.00240090255"
0,TnP,down_jer,0,-2.4,2.4,140.0,200.0,0.0,1.0,"0.993515004497"
0,TnP,up_jer,0,-2.4,2.4,140.0,200.0,0.0,1.0,"0.99545927901"
0,TnP,down_jes,0,-2.4,2.4,140.0,200.0,0.0,1.0,"0.994359450462"
0,TnP,up_jes,0,-2.4,2.4,140.0,200.0,0.0,1.0,"0.994614833044"
0,TnP,down_bdecay,0,-2.4,2.4,140.0,200.0,0.0,1.0,"0.994477556441"
0,TnP,up_bdecay,0,-2.4,2.4,140.0,200.0,0.0,1.0,"0.994496727065"
0,TnP,down_bkg,0,-2.4,2.4,140.0,200.0,0.0,1.0,"0.993826883884"
0,TnP,up_bkg,0,-2.4,2.4,140.0,200.0,0.0,1.0,"0.995147399622"
0,TnP,down_isr,0,-2.4,2.4,140.0,200.0,0.0,1.0,"0.994218597076"
0,TnP,up_isr,0,-2.4,2.4,140.0,200.0,0.0,1.0,"0.994755686431"
0,TnP,down_fsr,0,-2.4,2.4,140.0,200.0,0.0,1.0,"0.992622809587"
0,TnP,up_fsr,0,-2.4,2.4,140.0,200.0,0.0,1.0,"0.99635147392"
0,TnP,down_mescales,0,-2.4,2.4,140.0,200.0,0.0,1.0,"0.992501577802"
0,TnP,up_mescales,0,-2.4,2.4,140.0,200.0,0.0,1.0,"0.996472705705"
0,TnP,down_hdamp,0,-2.4,2.4,140.0,200.0,0.0,1.0,"0.994023640747"
0,TnP,up_hdamp,0,-2.4,2.4,140.0,200.0,0.0,1.0,"0.99495064276"
0,TnP,down_bfragmentation,0,-2.4,2.4,140.0,200.0,0.0,1.0,"0.994436643435"
0,TnP,up_bfragmentation,0,-2.4,2.4,140.0,200.0,0.0,1.0,"0.994537640072"
0,TnP,down_statistic,0,-2.4,2.4,140.0,200.0,0.0,1.0,"0.992288387668"
0,TnP,up_statistic,0,-2.4,2.4,140.0,200.0,0.0,1.0,"0.996685895839"
0,TnP,down_pileup,0,-2.4,2.4,140.0,200.0,0.0,1.0,"0.994141340559"
0,TnP,up_pileup,0,-2.4,2.4,140.0,200.0,0.0,1.0,"0.994832942948"
0,TnP,down_topmass,0,-2.4,2.4,140.0,200.0,0.0,1.0,"0.994381541598"
0,TnP,up_topmass,0,-2.4,2.4,140.0,200.0,0.0,1.0,"0.994592741909"
0,TnP,down_tune,0,-2.4,2.4,140.0,200.0,0.0,1.0,"0.99399020598"
0,TnP,up_tune,0,-2.4,2.4,140.0,200.0,0.0,1.0,"0.994984077527"
0,TnP,central,0,-2.4,2.4,200.0,300.0,0.0,1.0,"1.00437834702"
0,TnP,down,0,-2.4,2.4,200.0,300.0,0.0,1.0,"0.992920025332"
0,TnP,up,0,-2.4,2.4,200.0,300.0,0.0,1.0,"1.01583666872"
0,TnP,down_jer,0,-2.4,2.4,200.0,300.0,0.0,1.0,"1.00345881011"
0,TnP,up_jer,0,-2.4,2.4,200.0,300.0,0.0,1.0,"1.00529788394"
0,TnP,down_jes,0,-2.4,2.4,200.0,300.0,0.0,1.0,"1.00408181668"
0,TnP,up_jes,0,-2.4,2.4,200.0,300.0,0.0,1.0,"1.00467487737"
0,TnP,down_bdecay,0,-2.4,2.4,200.0,300.0,0.0,1.0,"1.00435986725"
0,TnP,up_bdecay,0,-2.4,2.4,200.0,300.0,0.0,1.0,"1.0043968268"
0,TnP,down_bkg,0,-2.4,2.4,200.0,300.0,0.0,1.0,"1.0036895396"
0,TnP,up_bkg,0,-2.4,2.4,200.0,300.0,0.0,1.0,"1.00506715444"
0,TnP,down_isr,0,-2.4,2.4,200.0,300.0,0.0,1.0,"1.0027995941"
0,TnP,up_isr,0,-2.4,2.4,200.0,300.0,0.0,1.0,"1.00595709995"
0,TnP,down_fsr,0,-2.4,2.4,200.0,300.0,0.0,1.0,"1.00311118402"
0,TnP,up_fsr,0,-2.4,2.4,200.0,300.0,0.0,1.0,"1.00564551003"
0,TnP,down_mescales,0,-2.4,2.4,200.0,300.0,0.0,1.0,"1.00305835224"
0,TnP,up_mescales,0,-2.4,2.4,200.0,300.0,0.0,1.0,"1.00569834181"
0,TnP,down_hdamp,0,-2.4,2.4,200.0,300.0,0.0,1.0,"1.00410653578"
0,TnP,up_hdamp,0,-2.4,2.4,200.0,300.0,0.0,1.0,"1.00465015827"
0,TnP,down_bfragmentation,0,-2.4,2.4,200.0,300.0,0.0,1.0,"1.00432490589"
0,TnP,up_bfragmentation,0,-2.4,2.4,200.0,300.0,0.0,1.0,"1.00443178816"
0,TnP,down_statistic,0,-2.4,2.4,200.0,300.0,0.0,1.0,"1.00230368287"
0,TnP,up_statistic,0,-2.4,2.4,200.0,300.0,0.0,1.0,"1.00645301118"
0,TnP,down_pileup,0,-2.4,2.4,200.0,300.0,0.0,1.0,"1.00426753202"
0,TnP,up_pileup,0,-2.4,2.4,200.0,300.0,0.0,1.0,"1.00448916203"
0,TnP,down_topmass,0,-2.4,2.4,200.0,300.0,0.0,1.0,"1.00418947594"
0,TnP,up_topmass,0,-2.4,2.4,200.0,300.0,0.0,1.0,"1.00456721811"
0,TnP,down_tune,0,-2.4,2.4,200.0,300.0,0.0,1.0,"1.00358743131"
0,TnP,up_tune,0,-2.4,2.4,200.0,300.0,0.0,1.0,"1.00516926274"
0,TnP,central,0,-2.4,2.4,300.0,600.0,0.0,1.0,"1.06431531657"
0,TnP,down,0,-2.4,2.4,300.0,600.0,0.0,1.0,"1.00261262686"
0,TnP,up,0,-2.4,2.4,300.0,600.0,0.0,1.0,"1.12601800628"
0,TnP,down_jer,0,-2.4,2.4,300.0,600.0,0.0,1.0,"1.05872219736"
0,TnP,up_jer,0,-2.4,2.4,300.0,600.0,0.0,1.0,"1.06990843579"
0,TnP,down_jes,0,-2.4,2.4,300.0,600.0,0.0,1.0,"1.06290377144"
0,TnP,up_jes,0,-2.4,2.4,300.0,600.0,0.0,1.0,"1.06572686171"
0,TnP,down_bdecay,0,-2.4,2.4,300.0,600.0,0.0,1.0,"1.06420172077"
0,TnP,up_bdecay,0,-2.4,2.4,300.0,600.0,0.0,1.0,"1.06442891238"
0,TnP,down_bkg,0,-2.4,2.4,300.0,600.0,0.0,1.0,"1.01229095496"
0,TnP,up_bkg,0,-2.4,2.4,300.0,600.0,0.0,1.0,"1.11633967819"
0,TnP,down_isr,0,-2.4,2.4,300.0,600.0,0.0,1.0,"1.05833803261"
0,TnP,up_isr,0,-2.4,2.4,300.0,600.0,0.0,1.0,"1.07029260054"
0,TnP,down_fsr,0,-2.4,2.4,300.0,600.0,0.0,1.0,"1.04949418458"
0,TnP,up_fsr,0,-2.4,2.4,300.0,600.0,0.0,1.0,"1.07913644856"
0,TnP,down_mescales,0,-2.4,2.4,300.0,600.0,0.0,1.0,"1.04899869598"
0,TnP,up_mescales,0,-2.4,2.4,300.0,600.0,0.0,1.0,"1.07963193717"
0,TnP,down_hdamp,0,-2.4,2.4,300.0,600.0,0.0,1.0,"1.06424519654"
0,TnP,up_hdamp,0,-2.4,2.4,300.0,600.0,0.0,1.0,"1.06438543661"
0,TnP,down_bfragmentation,0,-2.4,2.4,300.0,600.0,0.0,1.0,"1.06412721927"
0,TnP,up_bfragmentation,0,-2.4,2.4,300.0,600.0,0.0,1.0,"1.06450341387"
0,TnP,down_statistic,0,-2.4,2.4,300.0,600.0,0.0,1.0,"1.01185036745"
0,TnP,up_statistic,0,-2.4,2.4,300.0,600.0,0.0,1.0,"1.1167802657"
0,TnP,down_pileup,0,-2.4,2.4,300.0,600.0,0.0,1.0,"1.06226742726"
0,TnP,up_pileup,0,-2.4,2.4,300.0,600.0,0.0,1.0,"1.06636320588"
0,TnP,down_topmass,0,-2.4,2.4,300.0,600.0,0.0,1.0,"1.06349259103"
0,TnP,up_topmass,0,-2.4,2.4,300.0,600.0,0.0,1.0,"1.06513804211"
0,TnP,down_tune,0,-2.4,2.4,300.0,600.0,0.0,1.0,"1.0593370535"
0,TnP,up_tune,0,-2.4,2.4,300.0,600.0,0.0,1.0,"1.06929357965"
1,TnP,central,0,-2.4,2.4,30.0,50.0,0.0,1.0,"0.960614019716"
1,TnP,down,0,-2.4,2.4,30.0,50.0,0.0,1.0,"0.941722663088"
1,TnP,up,0,-2.4,2.4,30.0,50.0,0.0,1.0,"0.979505376344"
1,TnP,down_jer,0,-2.4,2.4,30.0,50.0,0.0,1.0,"0.953117817805"
1,TnP,up_jer,0,-2.4,2.4,30.0,50.0,0.0,1.0,"0.968110221628"
1,TnP,down_jes,0,-2.4,2.4,30.0,50.0,0.0,1.0,"0.952900292174"
1,TnP,up_jes,0,-2.4,2.4,30.0,50.0,0.0,1.0,"0.968327747258"
1,TnP,down_bdecay,0,-2.4,2.4,30.0,50.0,0.0,1.0,"0.960502641535"
1,TnP,up_bdecay,0,-2.4,2.4,30.0,50.0,0.0,1.0,"0.960725397898"
1,TnP,down_bkg,0,-2.4,2.4,30.0,50.0,0.0,1.0,"0.950901803755"
1,TnP,up_bkg,0,-2.4,2.4,30.0,50.0,0.0,1.0,"0.970326235677"
1,TnP,down_isr,0,-2.4,2.4,30.0,50.0,0.0,1.0,"0.950825438179"
1,TnP,up_isr,0,-2.4,2.4,30.0,50.0,0.0,1.0,"0.970402601253"
1,TnP,down_fsr,0,-2.4,2.4,30.0,50.0,0.0,1.0,"0.950627921204"
1,TnP,up_fsr,0,-2.4,2.4,30.0,50.0,0.0,1.0,"0.970600118228"
1,TnP,down_mescales,0,-2.4,2.4,30.0,50.0,0.0,1.0,"0.950608129846"
1,TnP,up_mescales,0,-2.4,2.4,30.0,50.0,0.0,1.0,"0.970619909586"
1,TnP,down_hdamp,0,-2.4,2.4,30.0,50.0,0.0,1.0,"0.960059625985"
1,TnP,up_hdamp,0,-2.4,2.4,30.0,50.0,0.0,1.0,"0.961168413448"
1,TnP,down_bfragmentation,0,-2.4,2.4,30.0,50.0,0.0,1.0,"0.960442844365"
1,TnP,up_bfragmentation,0,-2.4,2.4,30.0,50.0,0.0,1.0,"0.960785195067"
1,TnP,down_statistic,0,-2.4,2.4,30.0,50.0,0.0,1.0,"0.949999522175"
1,TnP,up_statistic,0,-2.4,2.4,30.0,50.0,0.0,1.0,"0.971228517257"
1,TnP,down_pileup,0,-2.4,2.4,30.0,50.0,0.0,1.0,"0.951903082246"
1,TnP,up_pileup,0,-2.4,2.4,30.0,50.0,0.0,1.0,"0.969324957187"
1,TnP,down_topmass,0,-2.4,2.4,30.0,50.0,0.0,1.0,"0.952374586796"
1,TnP,up_topmass,0,-2.4,2.4,30.0,50.0,0.0,1.0,"0.968853452636"
1,TnP,down_tune,0,-2.4,2.4,30.0,50.0,0.0,1.0,"0.955685602577"
1,TnP,up_tune,0,-2.4,2.4,30.0,50.0,0.0,1.0,"0.965542436855"
1,TnP,central,0,-2.4,2.4,50.0,70.0,0.0,1.0,"0.952125084312"
1,TnP,down,0,-2.4,2.4,50.0,70.0,0.0,1.0,"0.936461805778"
1,TnP,up,0,-2.4,2.4,50.0,70.0,0.0,1.0,"0.967788362845"
1,TnP,down_jer,0,-2.4,2.4,50.0,70.0,0.0,1.0,"0.945872466862"
1,TnP,up_jer,0,-2.4,2.4,50.0,70.0,0.0,1.0,"0.958377701761"
1,TnP,down_jes,0,-2.4,2.4,50.0,70.0,0.0,1.0,"0.945506255749"
1,TnP,up_jes,0,-2.4,2.4,50.0,70.0,0.0,1.0,"0.958743912874"
1,TnP,down_bdecay,0,-2.4,2.4,50.0,70.0,0.0,1.0,"0.951993310963"
1,TnP,up_bdecay,0,-2.4,2.4,50.0,70.0,0.0,1.0,"0.95225685766"
1,TnP,down_bkg,0,-2.4,2.4,50.0,70.0,0.0,1.0,"0.943276331153"
1,TnP,up_bkg,0,-2.4,2.4,50.0,70.0,0.0,1.0,"0.96097383747"
1,TnP,down_isr,0,-2.4,2.4,50.0,70.0,0.0,1.0,"0.94437931042"
1,TnP,up_isr,0,-2.4,2.4,50.0,70.0,0.0,1.0,"0.959870858203"
1,TnP,down_fsr,0,-2.4,2.4,50.0,70.0,0.0,1.0,"0.944785601053"
1,TnP,up_fsr,0,-2.4,2.4,50.0,70.0,0.0,1.0,"0.95946456757"
1,TnP,down_mescales,0,-2.4,2.4,50.0,70.0,0.0,1.0,"0.944776065437"
1,TnP,up_mescales,0,-2.4,2.4,50.0,70.0,0.0,1.0,"0.959474103187"
1,TnP,down_hdamp,0,-2.4,2.4,50.0,70.0,0.0,1.0,"0.951543697468"
1,TnP,up_hdamp,0,-2.4,2.4,50.0,70.0,0.0,1.0,"0.952706471155"
1,TnP,down_bfragmentation,0,-2.4,2.4,50.0,70.0,0.0,1.0,"0.95190667588"
1,TnP,up_bfragmentation,0,-2.4,2.4,50.0,70.0,0.0,1.0,"0.952343492743"
1,TnP,down_statistic,0,-2.4,2.4,50.0,70.0,0.0,1.0,"0.942595211019"
1,TnP,up_statistic,0,-2.4,2.4,50.0,70.0,0.0,1.0,"0.961654957604"
1,TnP,down_pileup,0,-2.4,2.4,50.0,70.0,0.0,1.0,"0.945598302287"
1,TnP,up_pileup,0,-2.4,2.4,50.0,70.0,0.0,1.0,"0.958651866336"
1,TnP,down_topmass,0,-2.4,2.4,50.0,70.0,0.0,1.0,"0.944997272184"
1,TnP,up_topmass,0,-2.4,2.4,50.0,70.0,0.0,1.0,"0.959252896439"
1,TnP,down_tune,0,-2.4,2.4,50.0,70.0,0.0,1.0,"0.948060596954"
1,TnP,up_tune,0,-2.4,2.4,50.0,70.0,0.0,1.0,"0.956189571669"
1,TnP,central,0,-2.4,2.4,70.0,100.0,0.0,1.0,"0.956034662245"
1,TnP,down,0,-2.4,2.4,70.0,100.0,0.0,1.0,"0.945397724941"
1,TnP,up,0,-2.4,2.4,70.0,100.0,0.0,1.0,"0.966671599549"
1,TnP,down_jer,0,-2.4,2.4,70.0,100.0,0.0,1.0,"0.954287152166"
1,TnP,up_jer,0,-2.4,2.4,70.0,100.0,0.0,1.0,"0.957782172324"
1,TnP,down_jes,0,-2.4,2.4,70.0,100.0,0.0,1.0,"0.955064322736"
1,TnP,up_jes,0,-2.4,2.4,70.0,100.0,0.0,1.0,"0.957005001754"
1,TnP,down_bdecay,0,-2.4,2.4,70.0,100.0,0.0,1.0,"0.95601515285"
1,TnP,up_bdecay,0,-2.4,2.4,70.0,100.0,0.0,1.0,"0.956054171641"
1,TnP,down_bkg,0,-2.4,2.4,70.0,100.0,0.0,1.0,"0.95143126061"
1,TnP,up_bkg,0,-2.4,2.4,70.0,100.0,0.0,1.0,"0.96063806388"
1,TnP,down_isr,0,-2.4,2.4,70.0,100.0,0.0,1.0,"0.954298714308"
1,TnP,up_isr,0,-2.4,2.4,70.0,100.0,0.0,1.0,"0.957770610182"
1,TnP,down_fsr,0,-2.4,2.4,70.0,100.0,0.0,1.0,"0.953916089268"
1,TnP,up_fsr,0,-2.4,2.4,70.0,100.0,0.0,1.0,"0.958153235222"
1,TnP,down_mescales,0,-2.4,2.4,70.0,100.0,0.0,1.0,"0.953896717736"
1,TnP,up_mescales,0,-2.4,2.4,70.0,100.0,0.0,1.0,"0.958172606754"
1,TnP,down_hdamp,0,-2.4,2.4,70.0,100.0,0.0,1.0,"0.955521166907"
1,TnP,up_hdamp,0,-2.4,2.4,70.0,100.0,0.0,1.0,"0.956548157583"
1,TnP,down_bfragmentation,0,-2.4,2.4,70.0,100.0,0.0,1.0,"0.95583112286"
1,TnP,up_bfragmentation,0,-2.4,2.4,70.0,100.0,0.0,1.0,"0.95623820163"
1,TnP,down_statistic,0,-2.4,2.4,70.0,100.0,0.0,1.0,"0.951088273903"
1,TnP,up_statistic,0,-2.4,2.4,70.0,100.0,0.0,1.0,"0.960981050587"
1,TnP,down_pileup,0,-2.4,2.4,70.0,100.0,0.0,1.0,"0.954679408746"
1,TnP,up_pileup,0,-2.4,2.4,70.0,100.0,0.0,1.0,"0.957389915745"
1,TnP,down_topmass,0,-2.4,2.4,70.0,100.0,0.0,1.0,"0.95482147682"
1,TnP,up_topmass,0,-2.4,2.4,70.0,100.0,0.0,1.0,"0.95724784767"
1,TnP,down_tune,0,-2.4,2.4,70.0,100.0,0.0,1.0,"0.955271710885"
1,TnP,up_tune,0,-2.4,2.4,70.0,100.0,0.0,1.0,"0.956797613605"
1,TnP,central,0,-2.4,2.4,100.0,140.0,0.0,1.0,"1.00934563784"
1,TnP,down,0,-2.4,2.4,100.0,140.0,0.0,1.0,"0.999172187846"
1,TnP,up,0,-2.4,2.4,100.0,140.0,0.0,1.0,"1.01951908783"
1,TnP,down_jer,0,-2.4,2.4,100.0,140.0,0.0,1.0,"1.00653138035"
1,TnP,up_jer,0,-2.4,2.4,100.0,140.0,0.0,1.0,"1.01215989533"
1,TnP,down_jes,0,-2.4,2.4,100.0,140.0,0.0,1.0,"1.00735177924"
1,TnP,up_jes,0,-2.4,2.4,100.0,140.0,0.0,1.0,"1.01133949644"
1,TnP,down_bdecay,0,-2.4,2.4,100.0,140.0,0.0,1.0,"1.00929393856"
1,TnP,up_bdecay,0,-2.4,2.4,100.0,140.0,0.0,1.0,"1.00939733711"
1,TnP,down_bkg,0,-2.4,2.4,100.0,140.0,0.0,1.0,"1.0048572626"
1,TnP,up_bkg,0,-2.4,2.4,100.0,140.0,0.0,1.0,"1.01383401307"
1,TnP,down_isr,0,-2.4,2.4,100.0,140.0,0.0,1.0,"1.00625665735"
1,TnP,up_isr,0,-2.4,2.4,100.0,140.0,0.0,1.0,"1.01243461833"
1,TnP,down_fsr,0,-2.4,2.4,100.0,140.0,0.0,1.0,"1.00601402228"
1,TnP,up_fsr,0,-2.4,2.4,100.0,140.0,0.0,1.0,"1.01267725339"
1,TnP,down_mescales,0,-2.4,2.4,100.0,140.0,0.0,1.0,"1.00601222006"
1,TnP,up_mescales,0,-2.4,2.4,100.0,140.0,0.0,1.0,"1.01267905561"
1,TnP,down_hdamp,0,-2.4,2.4,100.0,140.0,0.0,1.0,"1.00902793067"
1,TnP,up_hdamp,0,-2.4,2.4,100.0,140.0,0.0,1.0,"1.00966334501"
1,TnP,down_bfragmentation,0,-2.4,2.4,100.0,140.0,0.0,1.0,"1.00919972184"
1,TnP,up_bfragmentation,0,-2.4,2.4,100.0,140.0,0.0,1.0,"1.00949155383"
1,TnP,down_statistic,0,-2.4,2.4,100.0,140.0,0.0,1.0,"1.00438678169"
1,TnP,up_statistic,0,-2.4,2.4,100.0,140.0,0.0,1.0,"1.01430449399"
1,TnP,down_pileup,0,-2.4,2.4,100.0,140.0,0.0,1.0,"1.00721198971"
1,TnP,up_pileup,0,-2.4,2.4,100.0,140.0,0.0,1.0,"1.01147928596"
1,TnP,down_topmass,0,-2.4,2.4,100.0,140.0,0.0,1.0,"1.00612251326"
1,TnP,up_topmass,0,-2.4,2.4,100.0,140.0,0.0,1.0,"1.01256876242"
1,TnP,down_tune,0,-2.4,2.4,100.0,140.0,0.0,1.0,"1.00765172081"
1,TnP,up_tune,0,-2.4,2.4,100.0,140.0,0.0,1.0,"1.01103955487"
1,TnP,central,0,-2.4,2.4,140.0,200.0,0.0,1.0,"0.981052479571"
1,TnP,down,0,-2.4,2.4,140.0,200.0,0.0,1.0,"0.968456166452"
1,TnP,up,0,-2.4,2.4,140.0,200.0,0.0,1.0,"0.99364879269"
1,TnP,down_jer,0,-2.4,2.4,140.0,200.0,0.0,1.0,"0.973606783236"
1,TnP,up_jer,0,-2.4,2.4,140.0,200.0,0.0,1.0,"0.988498175906"
1,TnP,down_jes,0,-2.4,2.4,140.0,200.0,0.0,1.0,"0.974638326985"
1,TnP,up_jes,0,-2.4,2.4,140.0,200.0,0.0,1.0,"0.987466632157"
1,TnP,down_bdecay,0,-2.4,2.4,140.0,200.0,0.0,1.0,"0.980881121423"
1,TnP,up_bdecay,0,-2.4,2.4,140.0,200.0,0.0,1.0,"0.981223837719"
1,TnP,down_bkg,0,-2.4,2.4,140.0,200.0,0.0,1.0,"0.972684611486"
1,TnP,up_bkg,0,-2.4,2.4,140.0,200.0,0.0,1.0,"0.989420347656"
1,TnP,down_isr,0,-2.4,2.4,140.0,200.0,0.0,1.0,"0.972825233119"
1,TnP,up_isr,0,-2.4,2.4,140.0,200.0,0.0,1.0,"0.989279726023"
1,TnP,down_fsr,0,-2.4,2.4,140.0,200.0,0.0,1.0,"0.972523150917"
1,TnP,up_fsr,0,-2.4,2.4,140.0,200.0,0.0,1.0,"0.989581808225"
1,TnP,down_mescales,0,-2.4,2.4,140.0,200.0,0.0,1.0,"0.972521937518"
1,TnP,up_mescales,0,-2.4,2.4,140.0,200.0,0.0,1.0,"0.989583021624"
1,TnP,down_hdamp,0,-2.4,2.4,140.0,200.0,0.0,1.0,"0.9802789287"
1,TnP,up_hdamp,0,-2.4,2.4,140.0,200.0,0.0,1.0,"0.981826030442"
1,TnP,down_bfragmentation,0,-2.4,2.4,140.0,200.0,0.0,1.0,"0.980748743469"
1,TnP,up_bfragmentation,0,-2.4,2.4,140.0,200.0,0.0,1.0,"0.981356215673"
1,TnP,down_statistic,0,-2.4,2.4,140.0,200.0,0.0,1.0,"0.972394789872"
1,TnP,up_statistic,0,-2.4,2.4,140.0,200.0,0.0,1.0,"0.98971016927"
1,TnP,down_pileup,0,-2.4,2.4,140.0,200.0,0.0,1.0,"0.974119153595"
1,TnP,up_pileup,0,-2.4,2.4,140.0,200.0,0.0,1.0,"0.987985805547"
1,TnP,down_topmass,0,-2.4,2.4,140.0,200.0,0.0,1.0,"0.973514385916"
1,TnP,up_topmass,0,-2.4,2.4,140.0,200.0,0.0,1.0,"0.988590573226"
1,TnP,down_tune,0,-2.4,2.4,140.0,200.0,0.0,1.0,"0.976782068021"
1,TnP,up_tune,0,-2.4,2.4,140.0,200.0,0.0,1.0,"0.98532289112"
1,TnP,central,0,-2.4,2.4,200.0,300.0,0.0,1.0,"1.00613940586"
1,TnP,down,0,-2.4,2.4,200.0,300.0,0.0,1.0,"0.988298674722"
1,TnP,up,0,-2.4,2.4,200.0,300.0,0.0,1.0,"1.02398013699"
1,TnP,down_jer,0,-2.4,2.4,200.0,300.0,0.0,1.0,"0.997994579508"
1,TnP,up_jer,0,-2.4,2.4,200.0,300.0,0.0,1.0,"1.0142842322"
1,TnP,down_jes,0,-2.4,2.4,200.0,300.0,0.0,1.0,"0.998669963873"
1,TnP,up_jes,0,-2.4,2.4,200.0,300.0,0.0,1.0,"1.01360884784"
1,TnP,down_bdecay,0,-2.4,2.4,200.0,300.0,0.0,1.0,"1.00596276715"
1,TnP,up_bdecay,0,-2.4,2.4,200.0,300.0,0.0,1.0,"1.00631604456"
1,TnP,down_bkg,0,-2.4,2.4,200.0,300.0,0.0,1.0,"0.996605131658"
1,TnP,up_bkg,0,-2.4,2.4,200.0,300.0,0.0,1.0,"1.01567368005"
1,TnP,down_isr,0,-2.4,2.4,200.0,300.0,0.0,1.0,"0.996327150849"
1,TnP,up_isr,0,-2.4,2.4,200.0,300.0,0.0,1.0,"1.01595166086"
1,TnP,down_fsr,0,-2.4,2.4,200.0,300.0,0.0,1.0,"0.996537283438"
1,TnP,up_fsr,0,-2.4,2.4,200.0,300.0,0.0,1.0,"1.01574152827"
1,TnP,down_mescales,0,-2.4,2.4,200.0,300.0,0.0,1.0,"0.996537214887"
1,TnP,up_mescales,0,-2.4,2.4,200.0,300.0,0.0,1.0,"1.01574159683"
1,TnP,down_hdamp,0,-2.4,2.4,200.0,300.0,0.0,1.0,"1.00561340701"
1,TnP,up_hdamp,0,-2.4,2.4,200.0,300.0,0.0,1.0,"1.0066654047"
1,TnP,down_bfragmentation,0,-2.4,2.4,200.0,300.0,0.0,1.0,"1.00582490907"
1,TnP,up_bfragmentation,0,-2.4,2.4,200.0,300.0,0.0,1.0,"1.00645390264"
1,TnP,down_statistic,0,-2.4,2.4,200.0,300.0,0.0,1.0,"0.996231471578"
1,TnP,up_statistic,0,-2.4,2.4,200.0,300.0,0.0,1.0,"1.01604734013"
1,TnP,down_pileup,0,-2.4,2.4,200.0,300.0,0.0,1.0,"0.998704026025"
1,TnP,up_pileup,0,-2.4,2.4,200.0,300.0,0.0,1.0,"1.01357478569"
1,TnP,down_topmass,0,-2.4,2.4,200.0,300.0,0.0,1.0,"0.997734188112"
1,TnP,up_topmass,0,-2.4,2.4,200.0,300.0,0.0,1.0,"1.0145446236"
1,TnP,down_tune,0,-2.4,2.4,200.0,300.0,0.0,1.0,"1.00117749598"
1,TnP,up_tune,0,-2.4,2.4,200.0,300.0,0.0,1.0,"1.01110131573"
1,TnP,central,0,-2.4,2.4,300.0,600.0,0.0,1.0,"0.922797165557"
1,TnP,down,0,-2.4,2.4,300.0,600.0,0.0,1.0,"0.637846392522"
1,TnP,up,0,-2.4,2.4,300.0,600.0,0.0,1.0,"1.20774793859"
1,TnP,down_jer,0,-2.4,2.4,300.0,600.0,0.0,1.0,"0.694443247603"
1,TnP,up_jer,0,-2.4,2.4,300.0,600.0,0.0,1.0,"1.15115108351"
1,TnP,down_jes,0,-2.4,2.4,300.0,600.0,0.0,1.0,"0.715856164598"
1,TnP,up_jes,0,-2.4,2.4,300.0,600.0,0.0,1.0,"1.12973816652"
1,TnP,down_bdecay,0,-2.4,2.4,300.0,600.0,0.0,1.0,"0.918489261489"
1,TnP,up_bdecay,0,-2.4,2.4,300.0,600.0,0.0,1.0,"0.927105069626"
1,TnP,down_bkg,0,-2.4,2.4,300.0,600.0,0.0,1.0,"0.643200863575"
1,TnP,up_bkg,0,-2.4,2.4,300.0,600.0,0.0,1.0,"1.20239346754"
1,TnP,down_isr,0,-2.4,2.4,300.0,600.0,0.0,1.0,"0.661208438226"
1,TnP,up_isr,0,-2.4,2.4,300.0,600.0,0.0,1.0,"1.18438589289"
1,TnP,down_fsr,0,-2.4,2.4,300.0,600.0,0.0,1.0,"0.658590623348"
1,TnP,up_fsr,0,-2.4,2.4,300.0,600.0,0.0,1.0,"1.18700370777"
1,TnP,down_mescales,0,-2.4,2.4,300.0,600.0,0.0,1.0,"0.658517256382"
1,TnP,up_mescales,0,-2.4,2.4,300.0,600.0,0.0,1.0,"1.18707707473"
1,TnP,down_hdamp,0,-2.4,2.4,300.0,600.0,0.0,1.0,"0.905433029896"
1,TnP,up_hdamp,0,-2.4,2.4,300.0,600.0,0.0,1.0,"0.940161301219"
1,TnP,down_bfragmentation,0,-2.4,2.4,300.0,600.0,0.0,1.0,"0.913540284885"
1,TnP,up_bfragmentation,0,-2.4,2.4,300.0,600.0,0.0,1.0,"0.93205404623"
1,TnP,down_statistic,0,-2.4,2.4,300.0,600.0,0.0,1.0,"0.642793509331"
1,TnP,up_statistic,0,-2.4,2.4,300.0,600.0,0.0,1.0,"1.20280082178"
1,TnP,down_pileup,0,-2.4,2.4,300.0,600.0,0.0,1.0,"0.710724454336"
1,TnP,up_pileup,0,-2.4,2.4,300.0,600.0,0.0,1.0,"1.13486987678"
1,TnP,down_topmass,0,-2.4,2.4,300.0,600.0,0.0,1.0,"0.671398334095"
1,TnP,up_topmass,0,-2.4,2.4,300.0,600.0,0.0,1.0,"1.17419599702"
1,TnP,down_tune,0,-2.4,2.4,300.0,600.0,0.0,1.0,"0.782346499696"
1,TnP,up_tune,0,-2.4,2.4,300.0,600.0,0.0,1.0,"1.06324783142"
2,TnP,central,0,-2.4,2.4,30.0,50.0,0.0,1.0,"0.961579518314"
2,TnP,down,0,-2.4,2.4,30.0,50.0,0.0,1.0,"0.94356404172"
2,TnP,up,0,-2.4,2.4,30.0,50.0,0.0,1.0,"0.979594994908"
2,TnP,down_jer,0,-2.4,2.4,30.0,50.0,0.0,1.0,"0.960123321174"
2,TnP,up_jer,0,-2.4,2.4,30.0,50.0,0.0,1.0,"0.963035715454"
2,TnP,down_jes,0,-2.4,2.4,30.0,50.0,0.0,1.0,"0.961264370235"
2,TnP,up_jes,0,-2.4,2.4,30.0,50.0,0.0,1.0,"0.961894666392"
2,TnP,down_bdecay,0,-2.4,2.4,30.0,50.0,0.0,1.0,"0.961523732594"
2,TnP,up_bdecay,0,-2.4,2.4,30.0,50.0,0.0,1.0,"0.961635304034"
2,TnP,down_bkg,0,-2.4,2.4,30.0,50.0,0.0,1.0,"0.958564841581"
2,TnP,up_bkg,0,-2.4,2.4,30.0,50.0,0.0,1.0,"0.964594195047"
2,TnP,down_isr,0,-2.4,2.4,30.0,50.0,0.0,1.0,"0.960579262991"
2,TnP,up_isr,0,-2.4,2.4,30.0,50.0,0.0,1.0,"0.962579773636"
2,TnP,down_fsr,0,-2.4,2.4,30.0,50.0,0.0,1.0,"0.959111638678"
2,TnP,up_fsr,0,-2.4,2.4,30.0,50.0,0.0,1.0,"0.964047397949"
2,TnP,down_mescales,0,-2.4,2.4,30.0,50.0,0.0,1.0,"0.959042707658"
2,TnP,up_mescales,0,-2.4,2.4,30.0,50.0,0.0,1.0,"0.964116328969"
2,TnP,down_hdamp,0,-2.4,2.4,30.0,50.0,0.0,1.0,"0.961559197655"
2,TnP,up_hdamp,0,-2.4,2.4,30.0,50.0,0.0,1.0,"0.961599838973"
2,TnP,down_bfragmentation,0,-2.4,2.4,30.0,50.0,0.0,1.0,"0.961451797738"
2,TnP,up_bfragmentation,0,-2.4,2.4,30.0,50.0,0.0,1.0,"0.96170723889"
2,TnP,down_statistic,0,-2.4,2.4,30.0,50.0,0.0,1.0,"0.956182442511"
2,TnP,up_statistic,0,-2.4,2.4,30.0,50.0,0.0,1.0,"0.966976594117"
2,TnP,down_pileup,0,-2.4,2.4,30.0,50.0,0.0,1.0,"0.960280963575"
2,TnP,up_pileup,0,-2.4,2.4,30.0,50.0,0.0,1.0,"0.962878073052"
2,TnP,down_topmass,0,-2.4,2.4,30.0,50.0,0.0,1.0,"0.961045078918"
2,TnP,up_topmass,0,-2.4,2.4,30.0,50.0,0.0,1.0,"0.962113957709"
2,TnP,down_tune,0,-2.4,2.4,30.0,50.0,0.0,1.0,"0.961525616369"
2,TnP,up_tune,0,-2.4,2.4,30.0,50.0,0.0,1.0,"0.961633420258"
2,TnP,central,0,-2.4,2.4,50.0,70.0,0.0,1.0,"0.945948546908"
2,TnP,down,0,-2.4,2.4,50.0,70.0,0.0,1.0,"0.930632622453"
2,TnP,up,0,-2.4,2.4,50.0,70.0,0.0,1.0,"0.961264471364"
2,TnP,down_jer,0,-2.4,2.4,50.0,70.0,0.0,1.0,"0.945797087042"
2,TnP,up_jer,0,-2.4,2.4,50.0,70.0,0.0,1.0,"0.946100006775"
2,TnP,down_jes,0,-2.4,2.4,50.0,70.0,0.0,1.0,"0.944332814831"
2,TnP,up_jes,0,-2.4,2.4,50.0,70.0,0.0,1.0,"0.947564278986"
2,TnP,down_bdecay,0,-2.4,2.4,50.0,70.0,0.0,1.0,"0.945946061747"
2,TnP,up_bdecay,0,-2.4,2.4,50.0,70.0,0.0,1.0,"0.94595103207"
2,TnP,down_bkg,0,-2.4,2.4,50.0,70.0,0.0,1.0,"0.940932233682"
2,TnP,up_bkg,0,-2.4,2.4,50.0,70.0,0.0,1.0,"0.950964860135"
2,TnP,down_isr,0,-2.4,2.4,50.0,70.0,0.0,1.0,"0.94417009487"
2,TnP,up_isr,0,-2.4,2.4,50.0,70.0,0.0,1.0,"0.947726998947"
2,TnP,down_fsr,0,-2.4,2.4,50.0,70.0,0.0,1.0,"0.94594207366"
2,TnP,up_fsr,0,-2.4,2.4,50.0,70.0,0.0,1.0,"0.945955020157"
2,TnP,down_mescales,0,-2.4,2.4,50.0,70.0,0.0,1.0,"0.945795971186"
2,TnP,up_mescales,0,-2.4,2.4,50.0,70.0,0.0,1.0,"0.946101122631"
2,TnP,down_hdamp,0,-2.4,2.4,50.0,70.0,0.0,1.0,"0.945884161477"
2,TnP,up_hdamp,0,-2.4,2.4,50.0,70.0,0.0,1.0,"0.94601293234"
2,TnP,down_bfragmentation,0,-2.4,2.4,50.0,70.0,0.0,1.0,"0.94593859105"
2,TnP,up_bfragmentation,0,-2.4,2.4,50.0,70.0,0.0,1.0,"0.945958502767"
2,TnP,down_statistic,0,-2.4,2.4,50.0,70.0,0.0,1.0,"0.939755673315"
2,TnP,up_statistic,0,-2.4,2.4,50.0,70.0,0.0,1.0,"0.952141420502"
2,TnP,down_pileup,0,-2.4,2.4,50.0,70.0,0.0,1.0,"0.94456547395"
2,TnP,up_pileup,0,-2.4,2.4,50.0,70.0,0.0,1.0,"0.947331619867"
2,TnP,down_topmass,0,-2.4,2.4,50.0,70.0,0.0,1.0,"0.945127092661"
2,TnP,up_topmass,0,-2.4,2.4,50.0,70.0,0.0,1.0,"0.946770001156"
2,TnP,down_tune,0,-2.4,2.4,50.0,70.0,0.0,1.0,"0.945927901271"
2,TnP,up_tune,0,-2.4,2.4,50.0,70.0,0.0,1.0,"0.945969192546"
2,TnP,central,0,-2.4,2.4,70.0,100.0,0.0,1.0,"0.957620325851"
2,TnP,down,0,-2.4,2.4,70.0,100.0,0.0,1.0,"0.945326907174"
2,TnP,up,0,-2.4,2.4,70.0,100.0,0.0,1.0,"0.969913744528"
2,TnP,down_jer,0,-2.4,2.4,70.0,100.0,0.0,1.0,"0.956819095665"
2,TnP,up_jer,0,-2.4,2.4,70.0,100.0,0.0,1.0,"0.958421556038"
2,TnP,down_jes,0,-2.4,2.4,70.0,100.0,0.0,1.0,"0.956544048182"
2,TnP,up_jes,0,-2.4,2.4,70.0,100.0,0.0,1.0,"0.95869660352"
2,TnP,down_bdecay,0,-2.4,2.4,70.0,100.0,0.0,1.0,"0.957609231549"
2,TnP,up_bdecay,0,-2.4,2.4,70.0,100.0,0.0,1.0,"0.957631420154"
2,TnP,down_bkg,0,-2.4,2.4,70.0,100.0,0.0,1.0,"0.953034328708"
2,TnP,up_bkg,0,-2.4,2.4,70.0,100.0,0.0,1.0,"0.962206322995"
2,TnP,down_isr,0,-2.4,2.4,70.0,100.0,0.0,1.0,"0.95665740234"
2,TnP,up_isr,0,-2.4,2.4,70.0,100.0,0.0,1.0,"0.958583249363"
2,TnP,down_fsr,0,-2.4,2.4,70.0,100.0,0.0,1.0,"0.956286662041"
2,TnP,up_fsr,0,-2.4,2.4,70.0,100.0,0.0,1.0,"0.958953989662"
2,TnP,down_mescales,0,-2.4,2.4,70.0,100.0,0.0,1.0,"0.956278561895"
2,TnP,up_mescales,0,-2.4,2.4,70.0,100.0,0.0,1.0,"0.958962089807"
2,TnP,down_hdamp,0,-2.4,2.4,70.0,100.0,0.0,1.0,"0.957328851731"
2,TnP,up_hdamp,0,-2.4,2.4,70.0,100.0,0.0,1.0,"0.957911799971"
2,TnP,down_bfragmentation,0,-2.4,2.4,70.0,100.0,0.0,1.0,"0.957507555039"
2,TnP,up_bfragmentation,0,-2.4,2.4,70.0,100.0,0.0,1.0,"0.957733096663"
2,TnP,down_statistic,0,-2.4,2.4,70.0,100.0,0.0,1.0,"0.95239606521"
2,TnP,up_statistic,0,-2.4,2.4,70.0,100.0,0.0,1.0,"0.962844586492"
2,TnP,down_pileup,0,-2.4,2.4,70.0,100.0,0.0,1.0,"0.957419098846"
2,TnP,up_pileup,0,-2.4,2.4,70.0,100.0,0.0,1.0,"0.957821552857"
2,TnP,down_topmass,0,-2.4,2.4,70.0,100.0,0.0,1.0,"0.957204443634"
2,TnP,up_topmass,0,-2.4,2.4,70.0,100.0,0.0,1.0,"0.958036208069"
2,TnP,down_tune,0,-2.4,2.4,70.0,100.0,0.0,1.0,"0.957209776978"
2,TnP,up_tune,0,-2.4,2.4,70.0,100.0,0.0,1.0,"0.958030874724"
2,TnP,central,0,-2.4,2.4,100.0,140.0,0.0,1.0,"1.0066872798"
2,TnP,down,0,-2.4,2.4,100.0,140.0,0.0,1.0,"0.995147442964"
2,TnP,up,0,-2.4,2.4,100.0,140.0,0.0,1.0,"1.01822711663"
2,TnP,down_jer,0,-2.4,2.4,100.0,140.0,0.0,1.0,"1.00642362769"
2,TnP,up_jer,0,-2.4,2.4,100.0,140.0,0.0,1.0,"1.0069509319"
2,TnP,down_jes,0,-2.4,2.4,100.0,140.0,0.0,1.0,"1.00559276186"
2,TnP,up_jes,0,-2.4,2.4,100.0,140.0,0.0,1.0,"1.00778179774"
2,TnP,down_bdecay,0,-2.4,2.4,100.0,140.0,0.0,1.0,"1.00667082357"
2,TnP,up_bdecay,0,-2.4,2.4,100.0,140.0,0.0,1.0,"1.00670373603"
2,TnP,down_bkg,0,-2.4,2.4,100.0,140.0,0.0,1.0,"1.0025917923"
2,TnP,up_bkg,0,-2.4,2.4,100.0,140.0,0.0,1.0,"1.01078276729"
2,TnP,down_isr,0,-2.4,2.4,100.0,140.0,0.0,1.0,"1.00665686189"
2,TnP,up_isr,0,-2.4,2.4,100.0,140.0,0.0,1.0,"1.0067176977"
2,TnP,down_fsr,0,-2.4,2.4,100.0,140.0,0.0,1.0,"1.00650592399"
2,TnP,up_fsr,0,-2.4,2.4,100.0,140.0,0.0,1.0,"1.00686863561"
2,TnP,down_mescales,0,-2.4,2.4,100.0,140.0,0.0,1.0,"1.0064433381"
2,TnP,up_mescales,0,-2.4,2.4,100.0,140.0,0.0,1.0,"1.0069312215"
2,TnP,down_hdamp,0,-2.4,2.4,100.0,140.0,0.0,1.0,"1.00663810676"
2,TnP,up_hdamp,0,-2.4,2.4,100.0,140.0,0.0,1.0,"1.00673645284"
2,TnP,down_bfragmentation,0,-2.4,2.4,100.0,140.0,0.0,1.0,"1.00667338205"
2,TnP,up_bfragmentation,0,-2.4,2.4,100.0,140.0,0.0,1.0,"1.00670117755"
2,TnP,down_statistic,0,-2.4,2.4,100.0,140.0,0.0,1.0,"1.00203487458"
2,TnP,up_statistic,0,-2.4,2.4,100.0,140.0,0.0,1.0,"1.01133968502"
2,TnP,down_pileup,0,-2.4,2.4,100.0,140.0,0.0,1.0,"1.00555325681"
2,TnP,up_pileup,0,-2.4,2.4,100.0,140.0,0.0,1.0,"1.00782130279"
2,TnP,down_topmass,0,-2.4,2.4,100.0,140.0,0.0,1.0,"1.00605342118"
2,TnP,up_topmass,0,-2.4,2.4,100.0,140.0,0.0,1.0,"1.00732113842"
2,TnP,down_tune,0,-2.4,2.4,100.0,140.0,0.0,1.0,"1.00628151344"
2,TnP,up_tune,0,-2.4,2.4,100.0,140.0,0.0,1.0,"1.00709304616"
2,TnP,central,0,-2.4,2.4,140.0,200.0,0.0,1.0,"0.954935596531"
2,TnP,down,0,-2.4,2.4,140.0,200.0,0.0,1.0,"0.943847397776"
2,TnP,up,0,-2.4,2.4,140.0,200.0,0.0,1.0,"0.966023795286"
2,TnP,down_jer,0,-2.4,2.4,140.0,200.0,0.0,1.0,"0.953391500655"
2,TnP,up_jer,0,-2.4,2.4,140.0,200.0,0.0,1.0,"0.956479692407"
2,TnP,down_jes,0,-2.4,2.4,140.0,200.0,0.0,1.0,"0.954572798856"
2,TnP,up_jes,0,-2.4,2.4,140.0,200.0,0.0,1.0,"0.955298394205"
2,TnP,down_bdecay,0,-2.4,2.4,140.0,200.0,0.0,1.0,"0.9548931669"
2,TnP,up_bdecay,0,-2.4,2.4,140.0,200.0,0.0,1.0,"0.954978026162"
2,TnP,down_bkg,0,-2.4,2.4,140.0,200.0,0.0,1.0,"0.953802590399"
2,TnP,up_bkg,0,-2.4,2.4,140.0,200.0,0.0,1.0,"0.956068602662"
2,TnP,down_isr,0,-2.4,2.4,140.0,200.0,0.0,1.0,"0.953738694248"
2,TnP,up_isr,0,-2.4,2.4,140.0,200.0,0.0,1.0,"0.956132498813"
2,TnP,down_fsr,0,-2.4,2.4,140.0,200.0,0.0,1.0,"0.952650678218"
2,TnP,up_fsr,0,-2.4,2.4,140.0,200.0,0.0,1.0,"0.957220514844"
2,TnP,down_mescales,0,-2.4,2.4,140.0,200.0,0.0,1.0,"0.952641859716"
2,TnP,up_mescales,0,-2.4,2.4,140.0,200.0,0.0,1.0,"0.957229333346"
2,TnP,down_hdamp,0,-2.4,2.4,140.0,200.0,0.0,1.0,"0.954815694578"
2,TnP,up_hdamp,0,-2.4,2.4,140.0,200.0,0.0,1.0,"0.955055498484"
2,TnP,down_bfragmentation,0,-2.4,2.4,140.0,200.0,0.0,1.0,"0.954888300555"
2,TnP,up_bfragmentation,0,-2.4,2.4,140.0,200.0,0.0,1.0,"0.954982892506"
2,TnP,down_statistic,0,-2.4,2.4,140.0,200.0,0.0,1.0,"0.952125570814"
2,TnP,up_statistic,0,-2.4,2.4,140.0,200.0,0.0,1.0,"0.957745622248"
2,TnP,down_pileup,0,-2.4,2.4,140.0,200.0,0.0,1.0,"0.954033613646"
2,TnP,up_pileup,0,-2.4,2.4,140.0,200.0,0.0,1.0,"0.955837579416"
2,TnP,down_topmass,0,-2.4,2.4,140.0,200.0,0.0,1.0,"0.954783559396"
2,TnP,up_topmass,0,-2.4,2.4,140.0,200.0,0.0,1.0,"0.955087633666"
2,TnP,down_tune,0,-2.4,2.4,140.0,200.0,0.0,1.0,"0.954550778142"
2,TnP,up_tune,0,-2.4,2.4,140.0,200.0,0.0,1.0,"0.95532041492"
2,TnP,central,0,-2.4,2.4,200.0,300.0,0.0,1.0,"0.987895993884"
2,TnP,down,0,-2.4,2.4,200.0,300.0,0.0,1.0,"0.968900197659"
2,TnP,up,0,-2.4,2.4,200.0,300.0,0.0,1.0,"1.00689179011"
2,TnP,down_jer,0,-2.4,2.4,200.0,300.0,0.0,1.0,"0.98710934971"
2,TnP,up_jer,0,-2.4,2.4,200.0,300.0,0.0,1.0,"0.988682638058"
2,TnP,down_jes,0,-2.4,2.4,200.0,300.0,0.0,1.0,"0.987199234925"
2,TnP,up_jes,0,-2.4,2.4,200.0,300.0,0.0,1.0,"0.988592752844"
2,TnP,down_bdecay,0,-2.4,2.4,200.0,300.0,0.0,1.0,"0.987838916254"
2,TnP,up_bdecay,0,-2.4,2.4,200.0,300.0,0.0,1.0,"0.987953071515"
2,TnP,down_bkg,0,-2.4,2.4,200.0,300.0,0.0,1.0,"0.987103182926"
2,TnP,up_bkg,0,-2.4,2.4,200.0,300.0,0.0,1.0,"0.988688804842"
2,TnP,down_isr,0,-2.4,2.4,200.0,300.0,0.0,1.0,"0.984970161199"
2,TnP,up_isr,0,-2.4,2.4,200.0,300.0,0.0,1.0,"0.99082182657"
2,TnP,down_fsr,0,-2.4,2.4,200.0,300.0,0.0,1.0,"0.986349522391"
2,TnP,up_fsr,0,-2.4,2.4,200.0,300.0,0.0,1.0,"0.989442465378"
2,TnP,down_mescales,0,-2.4,2.4,200.0,300.0,0.0,1.0,"0.986323417527"
2,TnP,up_mescales,0,-2.4,2.4,200.0,300.0,0.0,1.0,"0.989468570241"
2,TnP,down_hdamp,0,-2.4,2.4,200.0,300.0,0.0,1.0,"0.987878132453"
2,TnP,up_hdamp,0,-2.4,2.4,200.0,300.0,0.0,1.0,"0.987913855316"
2,TnP,down_bfragmentation,0,-2.4,2.4,200.0,300.0,0.0,1.0,"0.987817535604"
2,TnP,up_bfragmentation,0,-2.4,2.4,200.0,300.0,0.0,1.0,"0.987974452164"
2,TnP,down_statistic,0,-2.4,2.4,200.0,300.0,0.0,1.0,"0.984842561044"
2,TnP,up_statistic,0,-2.4,2.4,200.0,300.0,0.0,1.0,"0.990949426724"
2,TnP,down_pileup,0,-2.4,2.4,200.0,300.0,0.0,1.0,"0.987391658158"
2,TnP,up_pileup,0,-2.4,2.4,200.0,300.0,0.0,1.0,"0.98840032961"
2,TnP,down_topmass,0,-2.4,2.4,200.0,300.0,0.0,1.0,"0.987697858672"
2,TnP,up_topmass,0,-2.4,2.4,200.0,300.0,0.0,1.0,"0.988094129096"
2,TnP,down_tune,0,-2.4,2.4,200.0,300.0,0.0,1.0,"0.987448825147"
2,TnP,up_tune,0,-2.4,2.4,200.0,300.0,0.0,1.0,"0.988343162621"
2,TnP,central,0,-2.4,2.4,300.0,600.0,0.0,1.0,"0.969718781799"
2,TnP,down,0,-2.4,2.4,300.0,600.0,0.0,1.0,"0.892352929045"
2,TnP,up,0,-2.4,2.4,300.0,600.0,0.0,1.0,"1.04708463455"
2,TnP,down_jer,0,-2.4,2.4,300.0,600.0,0.0,1.0,"0.968012215328"
2,TnP,up_jer,0,-2.4,2.4,300.0,600.0,0.0,1.0,"0.97142534827"
2,TnP,down_jes,0,-2.4,2.4,300.0,600.0,0.0,1.0,"0.965090097335"
2,TnP,up_jes,0,-2.4,2.4,300.0,600.0,0.0,1.0,"0.974347466263"
2,TnP,down_bdecay,0,-2.4,2.4,300.0,600.0,0.0,1.0,"0.969520766297"
2,TnP,up_bdecay,0,-2.4,2.4,300.0,600.0,0.0,1.0,"0.969916797301"
2,TnP,down_bkg,0,-2.4,2.4,300.0,600.0,0.0,1.0,"0.958116628604"
2,TnP,up_bkg,0,-2.4,2.4,300.0,600.0,0.0,1.0,"0.981320934994"
2,TnP,down_isr,0,-2.4,2.4,300.0,600.0,0.0,1.0,"0.960217459134"
2,TnP,up_isr,0,-2.4,2.4,300.0,600.0,0.0,1.0,"0.979220104464"
2,TnP,down_fsr,0,-2.4,2.4,300.0,600.0,0.0,1.0,"0.963411805212"
2,TnP,up_fsr,0,-2.4,2.4,300.0,600.0,0.0,1.0,"0.976025758386"
2,TnP,down_mescales,0,-2.4,2.4,300.0,600.0,0.0,1.0,"0.963400337153"
2,TnP,up_mescales,0,-2.4,2.4,300.0,600.0,0.0,1.0,"0.976037226445"
2,TnP,down_hdamp,0,-2.4,2.4,300.0,600.0,0.0,1.0,"0.969191693318"
2,TnP,up_hdamp,0,-2.4,2.4,300.0,600.0,0.0,1.0,"0.97024587028"
2,TnP,down_bfragmentation,0,-2.4,2.4,300.0,600.0,0.0,1.0,"0.969708016015"
2,TnP,up_bfragmentation,0,-2.4,2.4,300.0,600.0,0.0,1.0,"0.969729547583"
2,TnP,down_statistic,0,-2.4,2.4,300.0,600.0,0.0,1.0,"0.949584088702"
2,TnP,up_statistic,0,-2.4,2.4,300.0,600.0,0.0,1.0,"0.989853474896"
2,TnP,down_pileup,0,-2.4,2.4,300.0,600.0,0.0,1.0,"0.965468372692"
2,TnP,up_pileup,0,-2.4,2.4,300.0,600.0,0.0,1.0,"0.973969190906"
2,TnP,down_topmass,0,-2.4,2.4,300.0,600.0,0.0,1.0,"0.961952555063"
2,TnP,up_topmass,0,-2.4,2.4,300.0,600.0,0.0,1.0,"0.977485008535"
2,TnP,down_tune,0,-2.4,2.4,300.0,600.0,0.0,1.0,"0.965938290751"
2,TnP,up_tune,0,-2.4,2.4,300.0,600.0,0.0,1.0,"0.973499272847"
