DeepCSV;OperatingPoint,measurementType,sysType,jetFlavor,etaMin,etaMax,ptMin,ptMax,discrMin,discrMax,formula
0,TnP,central,0,-2.4,2.4,30.0,50.0,0.0,1.0,"0.971680180566"
0,TnP,down,0,-2.4,2.4,30.0,50.0,0.0,1.0,"0.956837774128"
0,TnP,up,0,-2.4,2.4,30.0,50.0,0.0,1.0,"0.986522587004"
0,TnP,down_jer,0,-2.4,2.4,30.0,50.0,0.0,1.0,"0.971307333674"
0,TnP,up_jer,0,-2.4,2.4,30.0,50.0,0.0,1.0,"0.972053027458"
0,TnP,down_jes,0,-2.4,2.4,30.0,50.0,0.0,1.0,"0.970926592011"
0,TnP,up_jes,0,-2.4,2.4,30.0,50.0,0.0,1.0,"0.972433769121"
0,TnP,down_bdecay,0,-2.4,2.4,30.0,50.0,0.0,1.0,"0.971669227692"
0,TnP,up_bdecay,0,-2.4,2.4,30.0,50.0,0.0,1.0,"0.971691133441"
0,TnP,down_bkg,0,-2.4,2.4,30.0,50.0,0.0,1.0,"0.969839560102"
0,TnP,up_bkg,0,-2.4,2.4,30.0,50.0,0.0,1.0,"0.97352080103"
0,TnP,down_isr,0,-2.4,2.4,30.0,50.0,0.0,1.0,"0.970009191836"
0,TnP,up_isr,0,-2.4,2.4,30.0,50.0,0.0,1.0,"0.973351169296"
0,TnP,down_fsr,0,-2.4,2.4,30.0,50.0,0.0,1.0,"0.968727914687"
0,TnP,up_fsr,0,-2.4,2.4,30.0,50.0,0.0,1.0,"0.974632446445"
0,TnP,down_mescales,0,-2.4,2.4,30.0,50.0,0.0,1.0,"0.967763436509"
0,TnP,up_mescales,0,-2.4,2.4,30.0,50.0,0.0,1.0,"0.975596924623"
0,TnP,down_hdamp,0,-2.4,2.4,30.0,50.0,0.0,1.0,"0.971398074438"
0,TnP,up_hdamp,0,-2.4,2.4,30.0,50.0,0.0,1.0,"0.971962286695"
0,TnP,down_bfragmentation,0,-2.4,2.4,30.0,50.0,0.0,1.0,"0.971628696552"
0,TnP,up_bfragmentation,0,-2.4,2.4,30.0,50.0,0.0,1.0,"0.97173166458"
0,TnP,down_statistic,0,-2.4,2.4,30.0,50.0,0.0,1.0,"0.966495398351"
0,TnP,up_statistic,0,-2.4,2.4,30.0,50.0,0.0,1.0,"0.976864962781"
0,TnP,down_pileup,0,-2.4,2.4,30.0,50.0,0.0,1.0,"0.970728839731"
0,TnP,up_pileup,0,-2.4,2.4,30.0,50.0,0.0,1.0,"0.972631521401"
0,TnP,down_topmass,0,-2.4,2.4,30.0,50.0,0.0,1.0,"0.971204883996"
0,TnP,up_topmass,0,-2.4,2.4,30.0,50.0,0.0,1.0,"0.972155477136"
0,TnP,down_tune,0,-2.4,2.4,30.0,50.0,0.0,1.0,"0.971525073765"
0,TnP,up_tune,0,-2.4,2.4,30.0,50.0,0.0,1.0,"0.971835287367"
0,TnP,central,0,-2.4,2.4,50.0,70.0,0.0,1.0,"0.955228196736"
0,TnP,down,0,-2.4,2.4,50.0,70.0,0.0,1.0,"0.94354880272"
0,TnP,up,0,-2.4,2.4,50.0,70.0,0.0,1.0,"0.966907590753"
0,TnP,down_jer,0,-2.4,2.4,50.0,70.0,0.0,1.0,"0.954880570611"
0,TnP,up_jer,0,-2.4,2.4,50.0,70.0,0.0,1.0,"0.955575822861"
0,TnP,down_jes,0,-2.4,2.4,50.0,70.0,0.0,1.0,"0.954681002243"
0,TnP,up_jes,0,-2.4,2.4,50.0,70.0,0.0,1.0,"0.955775391229"
0,TnP,down_bdecay,0,-2.4,2.4,50.0,70.0,0.0,1.0,"0.955209548577"
0,TnP,up_bdecay,0,-2.4,2.4,50.0,70.0,0.0,1.0,"0.955246844896"
0,TnP,down_bkg,0,-2.4,2.4,50.0,70.0,0.0,1.0,"0.951547117631"
0,TnP,up_bkg,0,-2.4,2.4,50.0,70.0,0.0,1.0,"0.958909275841"
0,TnP,down_isr,0,-2.4,2.4,50.0,70.0,0.0,1.0,"0.954330452169"
0,TnP,up_isr,0,-2.4,2.4,50.0,70.0,0.0,1.0,"0.956125941303"
0,TnP,down_fsr,0,-2.4,2.4,50.0,70.0,0.0,1.0,"0.954190595901"
0,TnP,up_fsr,0,-2.4,2.4,50.0,70.0,0.0,1.0,"0.956265797571"
0,TnP,down_mescales,0,-2.4,2.4,50.0,70.0,0.0,1.0,"0.953343473191"
0,TnP,up_mescales,0,-2.4,2.4,50.0,70.0,0.0,1.0,"0.957112920282"
0,TnP,down_hdamp,0,-2.4,2.4,50.0,70.0,0.0,1.0,"0.955138741135"
0,TnP,up_hdamp,0,-2.4,2.4,50.0,70.0,0.0,1.0,"0.955317652338"
0,TnP,down_bfragmentation,0,-2.4,2.4,50.0,70.0,0.0,1.0,"0.955097266305"
0,TnP,up_bfragmentation,0,-2.4,2.4,50.0,70.0,0.0,1.0,"0.955359127168"
0,TnP,down_statistic,0,-2.4,2.4,50.0,70.0,0.0,1.0,"0.950474575439"
0,TnP,up_statistic,0,-2.4,2.4,50.0,70.0,0.0,1.0,"0.959981818034"
0,TnP,down_pileup,0,-2.4,2.4,50.0,70.0,0.0,1.0,"0.955086093843"
0,TnP,up_pileup,0,-2.4,2.4,50.0,70.0,0.0,1.0,"0.955370299629"
0,TnP,down_topmass,0,-2.4,2.4,50.0,70.0,0.0,1.0,"0.95439793588"
0,TnP,up_topmass,0,-2.4,2.4,50.0,70.0,0.0,1.0,"0.956058457592"
0,TnP,down_tune,0,-2.4,2.4,50.0,70.0,0.0,1.0,"0.955061192353"
0,TnP,up_tune,0,-2.4,2.4,50.0,70.0,0.0,1.0,"0.95539520112"
0,TnP,central,0,-2.4,2.4,70.0,100.0,0.0,1.0,"0.953802508212"
0,TnP,down,0,-2.4,2.4,70.0,100.0,0.0,1.0,"0.944960972089"
0,TnP,up,0,-2.4,2.4,70.0,100.0,0.0,1.0,"0.962644044335"
0,TnP,down_jer,0,-2.4,2.4,70.0,100.0,0.0,1.0,"0.953450892967"
0,TnP,up_jer,0,-2.4,2.4,70.0,100.0,0.0,1.0,"0.954154123457"
0,TnP,down_jes,0,-2.4,2.4,70.0,100.0,0.0,1.0,"0.953341037414"
0,TnP,up_jes,0,-2.4,2.4,70.0,100.0,0.0,1.0,"0.954263979009"
0,TnP,down_bkg,0,-2.4,2.4,70.0,100.0,0.0,1.0,"0.950562827727"
0,TnP,up_bkg,0,-2.4,2.4,70.0,100.0,0.0,1.0,"0.957042188697"
0,TnP,down_isr,0,-2.4,2.4,70.0,100.0,0.0,1.0,"0.952775346383"
0,TnP,up_isr,0,-2.4,2.4,70.0,100.0,0.0,1.0,"0.95482967004"
0,TnP,down_fsr,0,-2.4,2.4,70.0,100.0,0.0,1.0,"0.953567849973"
0,TnP,up_fsr,0,-2.4,2.4,70.0,100.0,0.0,1.0,"0.95403716645"
0,TnP,down_mescales,0,-2.4,2.4,70.0,100.0,0.0,1.0,"0.952758842227"
0,TnP,up_mescales,0,-2.4,2.4,70.0,100.0,0.0,1.0,"0.954846174197"
0,TnP,down_hdamp,0,-2.4,2.4,70.0,100.0,0.0,1.0,"0.953483248565"
0,TnP,up_hdamp,0,-2.4,2.4,70.0,100.0,0.0,1.0,"0.954121767859"
0,TnP,down_bfragmentation,0,-2.4,2.4,70.0,100.0,0.0,1.0,"0.953635105758"
0,TnP,up_bfragmentation,0,-2.4,2.4,70.0,100.0,0.0,1.0,"0.953969910665"
0,TnP,down_statistic,0,-2.4,2.4,70.0,100.0,0.0,1.0,"0.949933410094"
0,TnP,up_statistic,0,-2.4,2.4,70.0,100.0,0.0,1.0,"0.95767160633"
0,TnP,down_pileup,0,-2.4,2.4,70.0,100.0,0.0,1.0,"0.953774405478"
0,TnP,up_pileup,0,-2.4,2.4,70.0,100.0,0.0,1.0,"0.953830610945"
0,TnP,down_topmass,0,-2.4,2.4,70.0,100.0,0.0,1.0,"0.952959770579"
0,TnP,up_topmass,0,-2.4,2.4,70.0,100.0,0.0,1.0,"0.954645245844"
0,TnP,down_tune,0,-2.4,2.4,70.0,100.0,0.0,1.0,"0.953588338234"
0,TnP,up_tune,0,-2.4,2.4,70.0,100.0,0.0,1.0,"0.95401667819"
0,TnP,central,0,-2.4,2.4,100.0,140.0,0.0,1.0,"1.0078501293"
0,TnP,down,0,-2.4,2.4,100.0,140.0,0.0,1.0,"0.999916261082"
0,TnP,up,0,-2.4,2.4,100.0,140.0,0.0,1.0,"1.01578399752"
0,TnP,down_jer,0,-2.4,2.4,100.0,140.0,0.0,1.0,"1.00735149823"
0,TnP,up_jer,0,-2.4,2.4,100.0,140.0,0.0,1.0,"1.00834876037"
0,TnP,down_jes,0,-2.4,2.4,100.0,140.0,0.0,1.0,"1.00769933551"
0,TnP,up_jes,0,-2.4,2.4,100.0,140.0,0.0,1.0,"1.00800092309"
0,TnP,down_bdecay,0,-2.4,2.4,100.0,140.0,0.0,1.0,"1.00783317434"
0,TnP,up_bdecay,0,-2.4,2.4,100.0,140.0,0.0,1.0,"1.00786708426"
0,TnP,down_bkg,0,-2.4,2.4,100.0,140.0,0.0,1.0,"1.00553608518"
0,TnP,up_bkg,0,-2.4,2.4,100.0,140.0,0.0,1.0,"1.01016417342"
0,TnP,down_isr,0,-2.4,2.4,100.0,140.0,0.0,1.0,"1.00749454645"
0,TnP,up_isr,0,-2.4,2.4,100.0,140.0,0.0,1.0,"1.00820571215"
0,TnP,down_fsr,0,-2.4,2.4,100.0,140.0,0.0,1.0,"1.00696962722"
0,TnP,up_fsr,0,-2.4,2.4,100.0,140.0,0.0,1.0,"1.00873063138"
0,TnP,down_mescales,0,-2.4,2.4,100.0,140.0,0.0,1.0,"1.00654725927"
0,TnP,up_mescales,0,-2.4,2.4,100.0,140.0,0.0,1.0,"1.00915299933"
0,TnP,down_hdamp,0,-2.4,2.4,100.0,140.0,0.0,1.0,"1.0076251325"
0,TnP,up_hdamp,0,-2.4,2.4,100.0,140.0,0.0,1.0,"1.0080751261"
0,TnP,down_bfragmentation,0,-2.4,2.4,100.0,140.0,0.0,1.0,"1.00776991361"
0,TnP,up_bfragmentation,0,-2.4,2.4,100.0,140.0,0.0,1.0,"1.00793034499"
0,TnP,down_statistic,0,-2.4,2.4,100.0,140.0,0.0,1.0,"1.00485051265"
0,TnP,up_statistic,0,-2.4,2.4,100.0,140.0,0.0,1.0,"1.01084974595"
0,TnP,down_pileup,0,-2.4,2.4,100.0,140.0,0.0,1.0,"1.00761447641"
0,TnP,up_pileup,0,-2.4,2.4,100.0,140.0,0.0,1.0,"1.00808578219"
0,TnP,down_topmass,0,-2.4,2.4,100.0,140.0,0.0,1.0,"1.00720317112"
0,TnP,up_topmass,0,-2.4,2.4,100.0,140.0,0.0,1.0,"1.00849708747"
0,TnP,down_tune,0,-2.4,2.4,100.0,140.0,0.0,1.0,"1.00774618436"
0,TnP,up_tune,0,-2.4,2.4,100.0,140.0,0.0,1.0,"1.00795407424"
0,TnP,central,0,-2.4,2.4,140.0,200.0,0.0,1.0,"1.00730403004"
0,TnP,down,0,-2.4,2.4,140.0,200.0,0.0,1.0,"0.998893151057"
0,TnP,up,0,-2.4,2.4,140.0,200.0,0.0,1.0,"1.01571490902"
0,TnP,down_jer,0,-2.4,2.4,140.0,200.0,0.0,1.0,"1.00611505271"
0,TnP,up_jer,0,-2.4,2.4,140.0,200.0,0.0,1.0,"1.00849300736"
0,TnP,down_jes,0,-2.4,2.4,140.0,200.0,0.0,1.0,"1.00696412007"
0,TnP,up_jes,0,-2.4,2.4,140.0,200.0,0.0,1.0,"1.00764394"
0,TnP,down_bdecay,0,-2.4,2.4,140.0,200.0,0.0,1.0,"1.00729544638"
0,TnP,up_bdecay,0,-2.4,2.4,140.0,200.0,0.0,1.0,"1.00731261369"
0,TnP,down_bkg,0,-2.4,2.4,140.0,200.0,0.0,1.0,"1.00660513931"
0,TnP,up_bkg,0,-2.4,2.4,140.0,200.0,0.0,1.0,"1.00800292076"
0,TnP,down_isr,0,-2.4,2.4,140.0,200.0,0.0,1.0,"1.00656623535"
0,TnP,up_isr,0,-2.4,2.4,140.0,200.0,0.0,1.0,"1.00804182472"
0,TnP,down_fsr,0,-2.4,2.4,140.0,200.0,0.0,1.0,"1.00495492002"
0,TnP,up_fsr,0,-2.4,2.4,140.0,200.0,0.0,1.0,"1.00965314006"
0,TnP,down_mescales,0,-2.4,2.4,140.0,200.0,0.0,1.0,"1.00492434847"
0,TnP,up_mescales,0,-2.4,2.4,140.0,200.0,0.0,1.0,"1.0096837116"
0,TnP,down_hdamp,0,-2.4,2.4,140.0,200.0,0.0,1.0,"1.00718853206"
0,TnP,up_hdamp,0,-2.4,2.4,140.0,200.0,0.0,1.0,"1.00741952802"
0,TnP,down_bfragmentation,0,-2.4,2.4,140.0,200.0,0.0,1.0,"1.00727731722"
0,TnP,up_bfragmentation,0,-2.4,2.4,140.0,200.0,0.0,1.0,"1.00733074286"
0,TnP,down_statistic,0,-2.4,2.4,140.0,200.0,0.0,1.0,"1.00466695936"
0,TnP,up_statistic,0,-2.4,2.4,140.0,200.0,0.0,1.0,"1.00994110072"
0,TnP,down_pileup,0,-2.4,2.4,140.0,200.0,0.0,1.0,"1.00683173451"
0,TnP,up_pileup,0,-2.4,2.4,140.0,200.0,0.0,1.0,"1.00777632556"
0,TnP,down_topmass,0,-2.4,2.4,140.0,200.0,0.0,1.0,"1.00671088346"
0,TnP,up_topmass,0,-2.4,2.4,140.0,200.0,0.0,1.0,"1.00789717662"
0,TnP,down_tune,0,-2.4,2.4,140.0,200.0,0.0,1.0,"1.00714106465"
0,TnP,up_tune,0,-2.4,2.4,140.0,200.0,0.0,1.0,"1.00746699543"
0,TnP,central,0,-2.4,2.4,200.0,300.0,0.0,1.0,"1.0356732516"
0,TnP,down,0,-2.4,2.4,200.0,300.0,0.0,1.0,"1.02264297743"
0,TnP,up,0,-2.4,2.4,200.0,300.0,0.0,1.0,"1.04870352577"
0,TnP,down_jer,0,-2.4,2.4,200.0,300.0,0.0,1.0,"1.03436504723"
0,TnP,up_jer,0,-2.4,2.4,200.0,300.0,0.0,1.0,"1.03698145596"
0,TnP,down_jes,0,-2.4,2.4,200.0,300.0,0.0,1.0,"1.03551903011"
0,TnP,up_jes,0,-2.4,2.4,200.0,300.0,0.0,1.0,"1.03582747309"
0,TnP,down_bdecay,0,-2.4,2.4,200.0,300.0,0.0,1.0,"1.03566017919"
0,TnP,up_bdecay,0,-2.4,2.4,200.0,300.0,0.0,1.0,"1.035686324"
0,TnP,down_bkg,0,-2.4,2.4,200.0,300.0,0.0,1.0,"1.03438737296"
0,TnP,up_bkg,0,-2.4,2.4,200.0,300.0,0.0,1.0,"1.03695913024"
0,TnP,down_isr,0,-2.4,2.4,200.0,300.0,0.0,1.0,"1.03356878619"
0,TnP,up_isr,0,-2.4,2.4,200.0,300.0,0.0,1.0,"1.03777771701"
0,TnP,down_fsr,0,-2.4,2.4,200.0,300.0,0.0,1.0,"1.03373722945"
0,TnP,up_fsr,0,-2.4,2.4,200.0,300.0,0.0,1.0,"1.03760927374"
0,TnP,down_mescales,0,-2.4,2.4,200.0,300.0,0.0,1.0,"1.03367368935"
0,TnP,up_mescales,0,-2.4,2.4,200.0,300.0,0.0,1.0,"1.03767281384"
0,TnP,down_hdamp,0,-2.4,2.4,200.0,300.0,0.0,1.0,"1.03560386475"
0,TnP,up_hdamp,0,-2.4,2.4,200.0,300.0,0.0,1.0,"1.03574263845"
0,TnP,down_bfragmentation,0,-2.4,2.4,200.0,300.0,0.0,1.0,"1.03562335867"
0,TnP,up_bfragmentation,0,-2.4,2.4,200.0,300.0,0.0,1.0,"1.03572314453"
0,TnP,down_statistic,0,-2.4,2.4,200.0,300.0,0.0,1.0,"1.03287212009"
0,TnP,up_statistic,0,-2.4,2.4,200.0,300.0,0.0,1.0,"1.03847438311"
0,TnP,down_pileup,0,-2.4,2.4,200.0,300.0,0.0,1.0,"1.03528409846"
0,TnP,up_pileup,0,-2.4,2.4,200.0,300.0,0.0,1.0,"1.03606240474"
0,TnP,down_topmass,0,-2.4,2.4,200.0,300.0,0.0,1.0,"1.03501886005"
0,TnP,up_topmass,0,-2.4,2.4,200.0,300.0,0.0,1.0,"1.03632764315"
0,TnP,down_tune,0,-2.4,2.4,200.0,300.0,0.0,1.0,"1.03541060156"
0,TnP,up_tune,0,-2.4,2.4,200.0,300.0,0.0,1.0,"1.03593590163"
0,TnP,central,0,-2.4,2.4,300.0,600.0,0.0,1.0,"1.05780412673"
0,TnP,down,0,-2.4,2.4,300.0,600.0,0.0,1.0,"1.00297752722"
0,TnP,up,0,-2.4,2.4,300.0,600.0,0.0,1.0,"1.11263072624"
0,TnP,down_jer,0,-2.4,2.4,300.0,600.0,0.0,1.0,"1.05394799706"
0,TnP,up_jer,0,-2.4,2.4,300.0,600.0,0.0,1.0,"1.0616602564"
0,TnP,down_jes,0,-2.4,2.4,300.0,600.0,0.0,1.0,"1.05451364285"
0,TnP,up_jes,0,-2.4,2.4,300.0,600.0,0.0,1.0,"1.0610946106"
0,TnP,down_bdecay,0,-2.4,2.4,300.0,600.0,0.0,1.0,"1.05777932073"
0,TnP,up_bdecay,0,-2.4,2.4,300.0,600.0,0.0,1.0,"1.05782893273"
0,TnP,down_bkg,0,-2.4,2.4,300.0,600.0,0.0,1.0,"1.01567254142"
0,TnP,up_bkg,0,-2.4,2.4,300.0,600.0,0.0,1.0,"1.09993571203"
0,TnP,down_isr,0,-2.4,2.4,300.0,600.0,0.0,1.0,"1.05504610535"
0,TnP,up_isr,0,-2.4,2.4,300.0,600.0,0.0,1.0,"1.06056214811"
0,TnP,down_fsr,0,-2.4,2.4,300.0,600.0,0.0,1.0,"1.04981921333"
0,TnP,up_fsr,0,-2.4,2.4,300.0,600.0,0.0,1.0,"1.06578904013"
0,TnP,down_mescales,0,-2.4,2.4,300.0,600.0,0.0,1.0,"1.04952813978"
0,TnP,up_mescales,0,-2.4,2.4,300.0,600.0,0.0,1.0,"1.06608011368"
0,TnP,down_hdamp,0,-2.4,2.4,300.0,600.0,0.0,1.0,"1.05633213938"
0,TnP,up_hdamp,0,-2.4,2.4,300.0,600.0,0.0,1.0,"1.05927611407"
0,TnP,down_bfragmentation,0,-2.4,2.4,300.0,600.0,0.0,1.0,"1.05764632061"
0,TnP,up_bfragmentation,0,-2.4,2.4,300.0,600.0,0.0,1.0,"1.05796193284"
0,TnP,down_statistic,0,-2.4,2.4,300.0,600.0,0.0,1.0,"1.01526754165"
0,TnP,up_statistic,0,-2.4,2.4,300.0,600.0,0.0,1.0,"1.10034071181"
0,TnP,down_pileup,0,-2.4,2.4,300.0,600.0,0.0,1.0,"1.0530406444"
0,TnP,up_pileup,0,-2.4,2.4,300.0,600.0,0.0,1.0,"1.06256760906"
0,TnP,down_topmass,0,-2.4,2.4,300.0,600.0,0.0,1.0,"1.05406073993"
0,TnP,up_topmass,0,-2.4,2.4,300.0,600.0,0.0,1.0,"1.06154751353"
0,TnP,down_tune,0,-2.4,2.4,300.0,600.0,0.0,1.0,"1.05699966492"
0,TnP,up_tune,0,-2.4,2.4,300.0,600.0,0.0,1.0,"1.05860858854"
1,TnP,central,0,-2.4,2.4,30.0,50.0,0.0,1.0,"0.95480064266"
1,TnP,down,0,-2.4,2.4,30.0,50.0,0.0,1.0,"0.937321970348"
1,TnP,up,0,-2.4,2.4,30.0,50.0,0.0,1.0,"0.972279314971"
1,TnP,down_jer,0,-2.4,2.4,30.0,50.0,0.0,1.0,"0.954550607967"
1,TnP,up_jer,0,-2.4,2.4,30.0,50.0,0.0,1.0,"0.955050677352"
1,TnP,down_jes,0,-2.4,2.4,30.0,50.0,0.0,1.0,"0.953893699041"
1,TnP,up_jes,0,-2.4,2.4,30.0,50.0,0.0,1.0,"0.955707586279"
1,TnP,down_bdecay,0,-2.4,2.4,30.0,50.0,0.0,1.0,"0.954792373018"
1,TnP,up_bdecay,0,-2.4,2.4,30.0,50.0,0.0,1.0,"0.954808912301"
1,TnP,down_bkg,0,-2.4,2.4,30.0,50.0,0.0,1.0,"0.951505131918"
1,TnP,up_bkg,0,-2.4,2.4,30.0,50.0,0.0,1.0,"0.958096153402"
1,TnP,down_isr,0,-2.4,2.4,30.0,50.0,0.0,1.0,"0.954745078855"
1,TnP,up_isr,0,-2.4,2.4,30.0,50.0,0.0,1.0,"0.954856206464"
1,TnP,down_fsr,0,-2.4,2.4,30.0,50.0,0.0,1.0,"0.951150723604"
1,TnP,up_fsr,0,-2.4,2.4,30.0,50.0,0.0,1.0,"0.958450561716"
1,TnP,down_mescales,0,-2.4,2.4,30.0,50.0,0.0,1.0,"0.949851256817"
1,TnP,up_mescales,0,-2.4,2.4,30.0,50.0,0.0,1.0,"0.959750028503"
1,TnP,down_hdamp,0,-2.4,2.4,30.0,50.0,0.0,1.0,"0.954432708128"
1,TnP,up_hdamp,0,-2.4,2.4,30.0,50.0,0.0,1.0,"0.955168577191"
1,TnP,down_bfragmentation,0,-2.4,2.4,30.0,50.0,0.0,1.0,"0.954763428355"
1,TnP,up_bfragmentation,0,-2.4,2.4,30.0,50.0,0.0,1.0,"0.954837856965"
1,TnP,down_statistic,0,-2.4,2.4,30.0,50.0,0.0,1.0,"0.947862566805"
1,TnP,up_statistic,0,-2.4,2.4,30.0,50.0,0.0,1.0,"0.961738718514"
1,TnP,down_pileup,0,-2.4,2.4,30.0,50.0,0.0,1.0,"0.954281707664"
1,TnP,up_pileup,0,-2.4,2.4,30.0,50.0,0.0,1.0,"0.955319577656"
1,TnP,down_topmass,0,-2.4,2.4,30.0,50.0,0.0,1.0,"0.953813133933"
1,TnP,up_topmass,0,-2.4,2.4,30.0,50.0,0.0,1.0,"0.955788151387"
1,TnP,down_tune,0,-2.4,2.4,30.0,50.0,0.0,1.0,"0.954742598906"
1,TnP,up_tune,0,-2.4,2.4,30.0,50.0,0.0,1.0,"0.954858686414"
1,TnP,central,0,-2.4,2.4,50.0,70.0,0.0,1.0,"0.955966936832"
1,TnP,down,0,-2.4,2.4,50.0,70.0,0.0,1.0,"0.941733897399"
1,TnP,up,0,-2.4,2.4,50.0,70.0,0.0,1.0,"0.970199976265"
1,TnP,down_jer,0,-2.4,2.4,50.0,70.0,0.0,1.0,"0.955922710331"
1,TnP,up_jer,0,-2.4,2.4,50.0,70.0,0.0,1.0,"0.956011163333"
1,TnP,down_jes,0,-2.4,2.4,50.0,70.0,0.0,1.0,"0.955045601099"
1,TnP,up_jes,0,-2.4,2.4,50.0,70.0,0.0,1.0,"0.956888272565"
1,TnP,down_bkg,0,-2.4,2.4,50.0,70.0,0.0,1.0,"0.951095598722"
1,TnP,up_bkg,0,-2.4,2.4,50.0,70.0,0.0,1.0,"0.960838274942"
1,TnP,down_isr,0,-2.4,2.4,50.0,70.0,0.0,1.0,"0.954328381128"
1,TnP,up_isr,0,-2.4,2.4,50.0,70.0,0.0,1.0,"0.957605492536"
1,TnP,down_fsr,0,-2.4,2.4,50.0,70.0,0.0,1.0,"0.955661680316"
1,TnP,up_fsr,0,-2.4,2.4,50.0,70.0,0.0,1.0,"0.956272193348"
1,TnP,down_mescales,0,-2.4,2.4,50.0,70.0,0.0,1.0,"0.955031436642"
1,TnP,up_mescales,0,-2.4,2.4,50.0,70.0,0.0,1.0,"0.956902437022"
1,TnP,down_hdamp,0,-2.4,2.4,50.0,70.0,0.0,1.0,"0.955801481052"
1,TnP,up_hdamp,0,-2.4,2.4,50.0,70.0,0.0,1.0,"0.956132392612"
1,TnP,down_bfragmentation,0,-2.4,2.4,50.0,70.0,0.0,1.0,"0.955876829865"
1,TnP,up_bfragmentation,0,-2.4,2.4,50.0,70.0,0.0,1.0,"0.956057043799"
1,TnP,down_statistic,0,-2.4,2.4,50.0,70.0,0.0,1.0,"0.949868926692"
1,TnP,up_statistic,0,-2.4,2.4,50.0,70.0,0.0,1.0,"0.962064946972"
1,TnP,down_pileup,0,-2.4,2.4,50.0,70.0,0.0,1.0,"0.955429024649"
1,TnP,up_pileup,0,-2.4,2.4,50.0,70.0,0.0,1.0,"0.956504849015"
1,TnP,down_topmass,0,-2.4,2.4,50.0,70.0,0.0,1.0,"0.955001025412"
1,TnP,up_topmass,0,-2.4,2.4,50.0,70.0,0.0,1.0,"0.956932848252"
1,TnP,down_tune,0,-2.4,2.4,50.0,70.0,0.0,1.0,"0.955851151357"
1,TnP,up_tune,0,-2.4,2.4,50.0,70.0,0.0,1.0,"0.956082722307"
1,TnP,central,0,-2.4,2.4,70.0,100.0,0.0,1.0,"0.951765573226"
1,TnP,down,0,-2.4,2.4,70.0,100.0,0.0,1.0,"0.940893486165"
1,TnP,up,0,-2.4,2.4,70.0,100.0,0.0,1.0,"0.962637660286"
1,TnP,down_jer,0,-2.4,2.4,70.0,100.0,0.0,1.0,"0.951598806916"
1,TnP,up_jer,0,-2.4,2.4,70.0,100.0,0.0,1.0,"0.951932339535"
1,TnP,down_jes,0,-2.4,2.4,70.0,100.0,0.0,1.0,"0.950935499761"
1,TnP,up_jes,0,-2.4,2.4,70.0,100.0,0.0,1.0,"0.95259564669"
1,TnP,down_bdecay,0,-2.4,2.4,70.0,100.0,0.0,1.0,"0.9517457936"
1,TnP,up_bdecay,0,-2.4,2.4,70.0,100.0,0.0,1.0,"0.951785352852"
1,TnP,down_bkg,0,-2.4,2.4,70.0,100.0,0.0,1.0,"0.947690505729"
1,TnP,up_bkg,0,-2.4,2.4,70.0,100.0,0.0,1.0,"0.955840640722"
1,TnP,down_isr,0,-2.4,2.4,70.0,100.0,0.0,1.0,"0.951024200291"
1,TnP,up_isr,0,-2.4,2.4,70.0,100.0,0.0,1.0,"0.95250694616"
1,TnP,down_fsr,0,-2.4,2.4,70.0,100.0,0.0,1.0,"0.951267326078"
1,TnP,up_fsr,0,-2.4,2.4,70.0,100.0,0.0,1.0,"0.952263820373"
1,TnP,down_mescales,0,-2.4,2.4,70.0,100.0,0.0,1.0,"0.95089384799"
1,TnP,up_mescales,0,-2.4,2.4,70.0,100.0,0.0,1.0,"0.952637298461"
1,TnP,down_hdamp,0,-2.4,2.4,70.0,100.0,0.0,1.0,"0.951516090412"
1,TnP,up_hdamp,0,-2.4,2.4,70.0,100.0,0.0,1.0,"0.952015056039"
1,TnP,down_bfragmentation,0,-2.4,2.4,70.0,100.0,0.0,1.0,"0.951618231818"
1,TnP,up_bfragmentation,0,-2.4,2.4,70.0,100.0,0.0,1.0,"0.951912914634"
1,TnP,down_statistic,0,-2.4,2.4,70.0,100.0,0.0,1.0,"0.947065884435"
1,TnP,up_statistic,0,-2.4,2.4,70.0,100.0,0.0,1.0,"0.956465262017"
1,TnP,down_pileup,0,-2.4,2.4,70.0,100.0,0.0,1.0,"0.951441223834"
1,TnP,up_pileup,0,-2.4,2.4,70.0,100.0,0.0,1.0,"0.952089922617"
1,TnP,down_topmass,0,-2.4,2.4,70.0,100.0,0.0,1.0,"0.950461837025"
1,TnP,up_topmass,0,-2.4,2.4,70.0,100.0,0.0,1.0,"0.953069309426"
1,TnP,down_tune,0,-2.4,2.4,70.0,100.0,0.0,1.0,"0.951482302271"
1,TnP,up_tune,0,-2.4,2.4,70.0,100.0,0.0,1.0,"0.95204884418"
1,TnP,central,0,-2.4,2.4,100.0,140.0,0.0,1.0,"1.00951647288"
1,TnP,down,0,-2.4,2.4,100.0,140.0,0.0,1.0,"0.998898205723"
1,TnP,up,0,-2.4,2.4,100.0,140.0,0.0,1.0,"1.02013474004"
1,TnP,down_jer,0,-2.4,2.4,100.0,140.0,0.0,1.0,"1.0093385299"
1,TnP,up_jer,0,-2.4,2.4,100.0,140.0,0.0,1.0,"1.00969441585"
1,TnP,down_jes,0,-2.4,2.4,100.0,140.0,0.0,1.0,"1.00814451708"
1,TnP,up_jes,0,-2.4,2.4,100.0,140.0,0.0,1.0,"1.01088842868"
1,TnP,down_bdecay,0,-2.4,2.4,100.0,140.0,0.0,1.0,"1.00950956522"
1,TnP,up_bdecay,0,-2.4,2.4,100.0,140.0,0.0,1.0,"1.00952338054"
1,TnP,down_bkg,0,-2.4,2.4,100.0,140.0,0.0,1.0,"1.00501635354"
1,TnP,up_bkg,0,-2.4,2.4,100.0,140.0,0.0,1.0,"1.01401659222"
1,TnP,down_isr,0,-2.4,2.4,100.0,140.0,0.0,1.0,"1.00902970281"
1,TnP,up_isr,0,-2.4,2.4,100.0,140.0,0.0,1.0,"1.01000324294"
1,TnP,down_fsr,0,-2.4,2.4,100.0,140.0,0.0,1.0,"1.00902945451"
1,TnP,up_fsr,0,-2.4,2.4,100.0,140.0,0.0,1.0,"1.01000349124"
1,TnP,down_mescales,0,-2.4,2.4,100.0,140.0,0.0,1.0,"1.00902426778"
1,TnP,up_mescales,0,-2.4,2.4,100.0,140.0,0.0,1.0,"1.01000867798"
1,TnP,down_hdamp,0,-2.4,2.4,100.0,140.0,0.0,1.0,"1.00936844359"
1,TnP,up_hdamp,0,-2.4,2.4,100.0,140.0,0.0,1.0,"1.00966450217"
1,TnP,down_bfragmentation,0,-2.4,2.4,100.0,140.0,0.0,1.0,"1.0094359137"
1,TnP,up_bfragmentation,0,-2.4,2.4,100.0,140.0,0.0,1.0,"1.00959703205"
1,TnP,down_statistic,0,-2.4,2.4,100.0,140.0,0.0,1.0,"1.00432898333"
1,TnP,up_statistic,0,-2.4,2.4,100.0,140.0,0.0,1.0,"1.01470396243"
1,TnP,down_pileup,0,-2.4,2.4,100.0,140.0,0.0,1.0,"1.00839954625"
1,TnP,up_pileup,0,-2.4,2.4,100.0,140.0,0.0,1.0,"1.01063339951"
1,TnP,down_topmass,0,-2.4,2.4,100.0,140.0,0.0,1.0,"1.00899594651"
1,TnP,up_topmass,0,-2.4,2.4,100.0,140.0,0.0,1.0,"1.01003699925"
1,TnP,down_tune,0,-2.4,2.4,100.0,140.0,0.0,1.0,"1.0092872836"
1,TnP,up_tune,0,-2.4,2.4,100.0,140.0,0.0,1.0,"1.00974566216"
1,TnP,central,0,-2.4,2.4,140.0,200.0,0.0,1.0,"0.988973962913"
1,TnP,down,0,-2.4,2.4,140.0,200.0,0.0,1.0,"0.979264148783"
1,TnP,up,0,-2.4,2.4,140.0,200.0,0.0,1.0,"0.998683777042"
1,TnP,down_jer,0,-2.4,2.4,140.0,200.0,0.0,1.0,"0.988137385826"
1,TnP,up_jer,0,-2.4,2.4,140.0,200.0,0.0,1.0,"0.989810539999"
1,TnP,down_jes,0,-2.4,2.4,140.0,200.0,0.0,1.0,"0.988592275857"
1,TnP,up_jes,0,-2.4,2.4,140.0,200.0,0.0,1.0,"0.989355649968"
1,TnP,down_bdecay,0,-2.4,2.4,140.0,200.0,0.0,1.0,"0.988946415585"
1,TnP,up_bdecay,0,-2.4,2.4,140.0,200.0,0.0,1.0,"0.989001510241"
1,TnP,down_isr,0,-2.4,2.4,140.0,200.0,0.0,1.0,"0.987247533825"
1,TnP,up_isr,0,-2.4,2.4,140.0,200.0,0.0,1.0,"0.990700392"
1,TnP,down_fsr,0,-2.4,2.4,140.0,200.0,0.0,1.0,"0.986262954187"
1,TnP,up_fsr,0,-2.4,2.4,140.0,200.0,0.0,1.0,"0.991684971639"
1,TnP,down_mescales,0,-2.4,2.4,140.0,200.0,0.0,1.0,"0.986022517175"
1,TnP,up_mescales,0,-2.4,2.4,140.0,200.0,0.0,1.0,"0.991925408651"
1,TnP,down_hdamp,0,-2.4,2.4,140.0,200.0,0.0,1.0,"0.988779288065"
1,TnP,up_hdamp,0,-2.4,2.4,140.0,200.0,0.0,1.0,"0.98916863776"
1,TnP,down_bfragmentation,0,-2.4,2.4,140.0,200.0,0.0,1.0,"0.988708332232"
1,TnP,up_bfragmentation,0,-2.4,2.4,140.0,200.0,0.0,1.0,"0.989239593594"
1,TnP,down_pileup,0,-2.4,2.4,140.0,200.0,0.0,1.0,"0.987832073711"
1,TnP,up_pileup,0,-2.4,2.4,140.0,200.0,0.0,1.0,"0.990115852114"
1,TnP,down_topmass,0,-2.4,2.4,140.0,200.0,0.0,1.0,"0.987814317122"
1,TnP,up_topmass,0,-2.4,2.4,140.0,200.0,0.0,1.0,"0.990133608704"
1,TnP,down_tune,0,-2.4,2.4,140.0,200.0,0.0,1.0,"0.988470411258"
1,TnP,up_tune,0,-2.4,2.4,140.0,200.0,0.0,1.0,"0.989477514567"
1,TnP,central,0,-2.4,2.4,200.0,300.0,0.0,1.0,"1.01750755917"
1,TnP,down,0,-2.4,2.4,200.0,300.0,0.0,1.0,"0.999676268336"
1,TnP,up,0,-2.4,2.4,200.0,300.0,0.0,1.0,"1.03533885001"
1,TnP,down_jer,0,-2.4,2.4,200.0,300.0,0.0,1.0,"1.01653277336"
1,TnP,up_jer,0,-2.4,2.4,200.0,300.0,0.0,1.0,"1.01848234499"
1,TnP,down_jes,0,-2.4,2.4,200.0,300.0,0.0,1.0,"1.01709551002"
1,TnP,up_jes,0,-2.4,2.4,200.0,300.0,0.0,1.0,"1.01791960832"
1,TnP,down_bdecay,0,-2.4,2.4,200.0,300.0,0.0,1.0,"1.01746826113"
1,TnP,up_bdecay,0,-2.4,2.4,200.0,300.0,0.0,1.0,"1.01754685721"
1,TnP,down_bkg,0,-2.4,2.4,200.0,300.0,0.0,1.0,"1.01589071923"
1,TnP,up_bkg,0,-2.4,2.4,200.0,300.0,0.0,1.0,"1.01912439911"
1,TnP,down_isr,0,-2.4,2.4,200.0,300.0,0.0,1.0,"1.01509034114"
1,TnP,up_isr,0,-2.4,2.4,200.0,300.0,0.0,1.0,"1.01992477721"
1,TnP,down_fsr,0,-2.4,2.4,200.0,300.0,0.0,1.0,"1.01543787025"
1,TnP,up_fsr,0,-2.4,2.4,200.0,300.0,0.0,1.0,"1.01957724809"
1,TnP,down_mescales,0,-2.4,2.4,200.0,300.0,0.0,1.0,"1.01519491599"
1,TnP,up_mescales,0,-2.4,2.4,200.0,300.0,0.0,1.0,"1.01982020235"
1,TnP,down_hdamp,0,-2.4,2.4,200.0,300.0,0.0,1.0,"1.0174942813"
1,TnP,up_hdamp,0,-2.4,2.4,200.0,300.0,0.0,1.0,"1.01752083704"
1,TnP,down_bfragmentation,0,-2.4,2.4,200.0,300.0,0.0,1.0,"1.01744582218"
1,TnP,up_bfragmentation,0,-2.4,2.4,200.0,300.0,0.0,1.0,"1.01756929616"
1,TnP,down_statistic,0,-2.4,2.4,200.0,300.0,0.0,1.0,"1.0140534026"
1,TnP,up_statistic,0,-2.4,2.4,200.0,300.0,0.0,1.0,"1.02096171574"
1,TnP,down_pileup,0,-2.4,2.4,200.0,300.0,0.0,1.0,"1.0168676967"
1,TnP,up_pileup,0,-2.4,2.4,200.0,300.0,0.0,1.0,"1.01814742164"
1,TnP,down_topmass,0,-2.4,2.4,200.0,300.0,0.0,1.0,"1.01725411062"
1,TnP,up_topmass,0,-2.4,2.4,200.0,300.0,0.0,1.0,"1.01776100772"
1,TnP,down_tune,0,-2.4,2.4,200.0,300.0,0.0,1.0,"1.01727040991"
1,TnP,up_tune,0,-2.4,2.4,200.0,300.0,0.0,1.0,"1.01774470843"
1,TnP,central,0,-2.4,2.4,300.0,600.0,0.0,1.0,"0.952585672807"
1,TnP,down,0,-2.4,2.4,300.0,600.0,0.0,1.0,"0.871248206664"
1,TnP,up,0,-2.4,2.4,300.0,600.0,0.0,1.0,"1.03392313895"
1,TnP,down_jer,0,-2.4,2.4,300.0,600.0,0.0,1.0,"0.950075399185"
1,TnP,up_jer,0,-2.4,2.4,300.0,600.0,0.0,1.0,"0.955095946429"
1,TnP,down_jes,0,-2.4,2.4,300.0,600.0,0.0,1.0,"0.951021839947"
1,TnP,up_jes,0,-2.4,2.4,300.0,600.0,0.0,1.0,"0.954149505667"
1,TnP,down_bdecay,0,-2.4,2.4,300.0,600.0,0.0,1.0,"0.952358252224"
1,TnP,up_bdecay,0,-2.4,2.4,300.0,600.0,0.0,1.0,"0.952813093389"
1,TnP,down_bkg,0,-2.4,2.4,300.0,600.0,0.0,1.0,"0.944761031033"
1,TnP,up_bkg,0,-2.4,2.4,300.0,600.0,0.0,1.0,"0.960410314581"
1,TnP,down_isr,0,-2.4,2.4,300.0,600.0,0.0,1.0,"0.946603051181"
1,TnP,up_isr,0,-2.4,2.4,300.0,600.0,0.0,1.0,"0.958568294433"
1,TnP,down_fsr,0,-2.4,2.4,300.0,600.0,0.0,1.0,"0.939239895996"
1,TnP,up_fsr,0,-2.4,2.4,300.0,600.0,0.0,1.0,"0.965931449617"
1,TnP,down_mescales,0,-2.4,2.4,300.0,600.0,0.0,1.0,"0.938000715278"
1,TnP,up_mescales,0,-2.4,2.4,300.0,600.0,0.0,1.0,"0.967170630335"
1,TnP,down_hdamp,0,-2.4,2.4,300.0,600.0,0.0,1.0,"0.951159927504"
1,TnP,up_hdamp,0,-2.4,2.4,300.0,600.0,0.0,1.0,"0.954011418109"
1,TnP,down_bfragmentation,0,-2.4,2.4,300.0,600.0,0.0,1.0,"0.951604717295"
1,TnP,up_bfragmentation,0,-2.4,2.4,300.0,600.0,0.0,1.0,"0.953566628319"
1,TnP,down_statistic,0,-2.4,2.4,300.0,600.0,0.0,1.0,"0.92814997942"
1,TnP,up_statistic,0,-2.4,2.4,300.0,600.0,0.0,1.0,"0.977021366194"
1,TnP,down_pileup,0,-2.4,2.4,300.0,600.0,0.0,1.0,"0.951261306284"
1,TnP,up_pileup,0,-2.4,2.4,300.0,600.0,0.0,1.0,"0.95391003933"
1,TnP,down_topmass,0,-2.4,2.4,300.0,600.0,0.0,1.0,"0.939219940537"
1,TnP,up_topmass,0,-2.4,2.4,300.0,600.0,0.0,1.0,"0.965951405076"
1,TnP,down_tune,0,-2.4,2.4,300.0,600.0,0.0,1.0,"0.95233720848"
1,TnP,up_tune,0,-2.4,2.4,300.0,600.0,0.0,1.0,"0.952834137134"
2,TnP,central,0,-2.4,2.4,30.0,50.0,0.0,1.0,"0.954216251588"
2,TnP,down,0,-2.4,2.4,30.0,50.0,0.0,1.0,"0.934797459767"
2,TnP,up,0,-2.4,2.4,30.0,50.0,0.0,1.0,"0.973635043409"
2,TnP,down_jer,0,-2.4,2.4,30.0,50.0,0.0,1.0,"0.953171119171"
2,TnP,up_jer,0,-2.4,2.4,30.0,50.0,0.0,1.0,"0.955261384005"
2,TnP,down_jes,0,-2.4,2.4,30.0,50.0,0.0,1.0,"0.95368422886"
2,TnP,up_jes,0,-2.4,2.4,30.0,50.0,0.0,1.0,"0.954748274316"
2,TnP,down_bdecay,0,-2.4,2.4,30.0,50.0,0.0,1.0,"0.954130711944"
2,TnP,up_bdecay,0,-2.4,2.4,30.0,50.0,0.0,1.0,"0.954301791231"
2,TnP,down_bkg,0,-2.4,2.4,30.0,50.0,0.0,1.0,"0.951246849032"
2,TnP,up_bkg,0,-2.4,2.4,30.0,50.0,0.0,1.0,"0.957185654143"
2,TnP,down_isr,0,-2.4,2.4,30.0,50.0,0.0,1.0,"0.95197775769"
2,TnP,up_isr,0,-2.4,2.4,30.0,50.0,0.0,1.0,"0.956454745486"
2,TnP,down_fsr,0,-2.4,2.4,30.0,50.0,0.0,1.0,"0.95026849276"
2,TnP,up_fsr,0,-2.4,2.4,30.0,50.0,0.0,1.0,"0.958164010416"
2,TnP,down_mescales,0,-2.4,2.4,30.0,50.0,0.0,1.0,"0.950212230537"
2,TnP,up_mescales,0,-2.4,2.4,30.0,50.0,0.0,1.0,"0.958220272638"
2,TnP,down_hdamp,0,-2.4,2.4,30.0,50.0,0.0,1.0,"0.9538848938"
2,TnP,up_hdamp,0,-2.4,2.4,30.0,50.0,0.0,1.0,"0.954547609376"
2,TnP,down_bfragmentation,0,-2.4,2.4,30.0,50.0,0.0,1.0,"0.954076434304"
2,TnP,up_bfragmentation,0,-2.4,2.4,30.0,50.0,0.0,1.0,"0.954356068872"
2,TnP,down_statistic,0,-2.4,2.4,30.0,50.0,0.0,1.0,"0.947705095558"
2,TnP,up_statistic,0,-2.4,2.4,30.0,50.0,0.0,1.0,"0.960727407617"
2,TnP,down_pileup,0,-2.4,2.4,30.0,50.0,0.0,1.0,"0.95236998091"
2,TnP,up_pileup,0,-2.4,2.4,30.0,50.0,0.0,1.0,"0.956062522265"
2,TnP,down_topmass,0,-2.4,2.4,30.0,50.0,0.0,1.0,"0.952922488948"
2,TnP,up_topmass,0,-2.4,2.4,30.0,50.0,0.0,1.0,"0.955510014228"
2,TnP,down_tune,0,-2.4,2.4,30.0,50.0,0.0,1.0,"0.95413924655"
2,TnP,up_tune,0,-2.4,2.4,30.0,50.0,0.0,1.0,"0.954293256625"
2,TnP,central,0,-2.4,2.4,50.0,70.0,0.0,1.0,"0.942341869523"
2,TnP,down,0,-2.4,2.4,50.0,70.0,0.0,1.0,"0.926561252411"
2,TnP,up,0,-2.4,2.4,50.0,70.0,0.0,1.0,"0.958122486634"
2,TnP,down_jer,0,-2.4,2.4,50.0,70.0,0.0,1.0,"0.941966338359"
2,TnP,up_jer,0,-2.4,2.4,50.0,70.0,0.0,1.0,"0.942717400686"
2,TnP,down_jes,0,-2.4,2.4,50.0,70.0,0.0,1.0,"0.940856767172"
2,TnP,up_jes,0,-2.4,2.4,50.0,70.0,0.0,1.0,"0.943826971873"
2,TnP,down_bdecay,0,-2.4,2.4,50.0,70.0,0.0,1.0,"0.942327162339"
2,TnP,up_bdecay,0,-2.4,2.4,50.0,70.0,0.0,1.0,"0.942356576707"
2,TnP,down_bkg,0,-2.4,2.4,50.0,70.0,0.0,1.0,"0.937742978015"
2,TnP,up_bkg,0,-2.4,2.4,50.0,70.0,0.0,1.0,"0.94694076103"
2,TnP,down_isr,0,-2.4,2.4,50.0,70.0,0.0,1.0,"0.940909044832"
2,TnP,up_isr,0,-2.4,2.4,50.0,70.0,0.0,1.0,"0.943774694213"
2,TnP,down_fsr,0,-2.4,2.4,50.0,70.0,0.0,1.0,"0.941837029637"
2,TnP,up_fsr,0,-2.4,2.4,50.0,70.0,0.0,1.0,"0.942846709408"
2,TnP,down_mescales,0,-2.4,2.4,50.0,70.0,0.0,1.0,"0.94180130639"
2,TnP,up_mescales,0,-2.4,2.4,50.0,70.0,0.0,1.0,"0.942882432656"
2,TnP,down_hdamp,0,-2.4,2.4,50.0,70.0,0.0,1.0,"0.942265366797"
2,TnP,up_hdamp,0,-2.4,2.4,50.0,70.0,0.0,1.0,"0.942418372248"
2,TnP,down_bfragmentation,0,-2.4,2.4,50.0,70.0,0.0,1.0,"0.942309550724"
2,TnP,up_bfragmentation,0,-2.4,2.4,50.0,70.0,0.0,1.0,"0.942374188322"
2,TnP,down_statistic,0,-2.4,2.4,50.0,70.0,0.0,1.0,"0.936308657051"
2,TnP,up_statistic,0,-2.4,2.4,50.0,70.0,0.0,1.0,"0.948375081995"
2,TnP,down_pileup,0,-2.4,2.4,50.0,70.0,0.0,1.0,"0.941464310949"
2,TnP,up_pileup,0,-2.4,2.4,50.0,70.0,0.0,1.0,"0.943219428096"
2,TnP,down_topmass,0,-2.4,2.4,50.0,70.0,0.0,1.0,"0.94089889392"
2,TnP,up_topmass,0,-2.4,2.4,50.0,70.0,0.0,1.0,"0.943784845126"
2,TnP,down_tune,0,-2.4,2.4,50.0,70.0,0.0,1.0,"0.942219554976"
2,TnP,up_tune,0,-2.4,2.4,50.0,70.0,0.0,1.0,"0.942464184069"
2,TnP,central,0,-2.4,2.4,70.0,100.0,0.0,1.0,"0.956070133698"
2,TnP,down,0,-2.4,2.4,70.0,100.0,0.0,1.0,"0.943161520891"
2,TnP,up,0,-2.4,2.4,70.0,100.0,0.0,1.0,"0.968978746505"
2,TnP,down_jer,0,-2.4,2.4,70.0,100.0,0.0,1.0,"0.955026295277"
2,TnP,up_jer,0,-2.4,2.4,70.0,100.0,0.0,1.0,"0.957113972119"
2,TnP,down_jes,0,-2.4,2.4,70.0,100.0,0.0,1.0,"0.955037427188"
2,TnP,up_jes,0,-2.4,2.4,70.0,100.0,0.0,1.0,"0.957102840208"
2,TnP,down_bkg,0,-2.4,2.4,70.0,100.0,0.0,1.0,"0.95168656644"
2,TnP,up_bkg,0,-2.4,2.4,70.0,100.0,0.0,1.0,"0.960453700957"
2,TnP,down_isr,0,-2.4,2.4,70.0,100.0,0.0,1.0,"0.955679546343"
2,TnP,up_isr,0,-2.4,2.4,70.0,100.0,0.0,1.0,"0.956460721053"
2,TnP,down_fsr,0,-2.4,2.4,70.0,100.0,0.0,1.0,"0.954737200088"
2,TnP,up_fsr,0,-2.4,2.4,70.0,100.0,0.0,1.0,"0.957403067308"
2,TnP,down_mescales,0,-2.4,2.4,70.0,100.0,0.0,1.0,"0.954717056255"
2,TnP,up_mescales,0,-2.4,2.4,70.0,100.0,0.0,1.0,"0.957423211141"
2,TnP,down_hdamp,0,-2.4,2.4,70.0,100.0,0.0,1.0,"0.955767042318"
2,TnP,up_hdamp,0,-2.4,2.4,70.0,100.0,0.0,1.0,"0.956373225078"
2,TnP,down_bfragmentation,0,-2.4,2.4,70.0,100.0,0.0,1.0,"0.955946588179"
2,TnP,up_bfragmentation,0,-2.4,2.4,70.0,100.0,0.0,1.0,"0.956193679217"
2,TnP,down_statistic,0,-2.4,2.4,70.0,100.0,0.0,1.0,"0.951122420098"
2,TnP,up_statistic,0,-2.4,2.4,70.0,100.0,0.0,1.0,"0.961017847298"
2,TnP,down_pileup,0,-2.4,2.4,70.0,100.0,0.0,1.0,"0.9559622612"
2,TnP,up_pileup,0,-2.4,2.4,70.0,100.0,0.0,1.0,"0.956178006196"
2,TnP,down_topmass,0,-2.4,2.4,70.0,100.0,0.0,1.0,"0.955322426827"
2,TnP,up_topmass,0,-2.4,2.4,70.0,100.0,0.0,1.0,"0.956817840569"
2,TnP,down_tune,0,-2.4,2.4,70.0,100.0,0.0,1.0,"0.955647843442"
2,TnP,up_tune,0,-2.4,2.4,70.0,100.0,0.0,1.0,"0.956492423954"
2,TnP,central,0,-2.4,2.4,100.0,140.0,0.0,1.0,"1.01325524285"
2,TnP,down,0,-2.4,2.4,100.0,140.0,0.0,1.0,"1.00077074048"
2,TnP,up,0,-2.4,2.4,100.0,140.0,0.0,1.0,"1.02573974522"
2,TnP,down_jer,0,-2.4,2.4,100.0,140.0,0.0,1.0,"1.01254945068"
2,TnP,up_jer,0,-2.4,2.4,100.0,140.0,0.0,1.0,"1.01396103503"
2,TnP,down_jes,0,-2.4,2.4,100.0,140.0,0.0,1.0,"1.01221779558"
2,TnP,up_jes,0,-2.4,2.4,100.0,140.0,0.0,1.0,"1.01429269012"
2,TnP,down_bdecay,0,-2.4,2.4,100.0,140.0,0.0,1.0,"1.01323938597"
2,TnP,up_bdecay,0,-2.4,2.4,100.0,140.0,0.0,1.0,"1.01327109973"
2,TnP,down_bkg,0,-2.4,2.4,100.0,140.0,0.0,1.0,"1.00911168494"
2,TnP,up_bkg,0,-2.4,2.4,100.0,140.0,0.0,1.0,"1.01739880076"
2,TnP,down_isr,0,-2.4,2.4,100.0,140.0,0.0,1.0,"1.0130705486"
2,TnP,up_isr,0,-2.4,2.4,100.0,140.0,0.0,1.0,"1.0134399371"
2,TnP,down_fsr,0,-2.4,2.4,100.0,140.0,0.0,1.0,"1.01257599138"
2,TnP,up_fsr,0,-2.4,2.4,100.0,140.0,0.0,1.0,"1.01393449432"
2,TnP,down_mescales,0,-2.4,2.4,100.0,140.0,0.0,1.0,"1.01256070455"
2,TnP,up_mescales,0,-2.4,2.4,100.0,140.0,0.0,1.0,"1.01394978115"
2,TnP,down_hdamp,0,-2.4,2.4,100.0,140.0,0.0,1.0,"1.0131061292"
2,TnP,up_hdamp,0,-2.4,2.4,100.0,140.0,0.0,1.0,"1.0134043565"
2,TnP,down_bfragmentation,0,-2.4,2.4,100.0,140.0,0.0,1.0,"1.01322808944"
2,TnP,up_bfragmentation,0,-2.4,2.4,100.0,140.0,0.0,1.0,"1.01328239626"
2,TnP,down_statistic,0,-2.4,2.4,100.0,140.0,0.0,1.0,"1.00803950557"
2,TnP,up_statistic,0,-2.4,2.4,100.0,140.0,0.0,1.0,"1.01847098013"
2,TnP,down_pileup,0,-2.4,2.4,100.0,140.0,0.0,1.0,"1.01217699945"
2,TnP,up_pileup,0,-2.4,2.4,100.0,140.0,0.0,1.0,"1.01433348625"
2,TnP,down_topmass,0,-2.4,2.4,100.0,140.0,0.0,1.0,"1.01169063224"
2,TnP,up_topmass,0,-2.4,2.4,100.0,140.0,0.0,1.0,"1.01481985346"
2,TnP,down_tune,0,-2.4,2.4,100.0,140.0,0.0,1.0,"1.0130592074"
2,TnP,up_tune,0,-2.4,2.4,100.0,140.0,0.0,1.0,"1.0134512783"
2,TnP,central,0,-2.4,2.4,140.0,200.0,0.0,1.0,"0.976228615092"
2,TnP,down,0,-2.4,2.4,140.0,200.0,0.0,1.0,"0.963388328695"
2,TnP,up,0,-2.4,2.4,140.0,200.0,0.0,1.0,"0.98906890149"
2,TnP,down_jer,0,-2.4,2.4,140.0,200.0,0.0,1.0,"0.974751923267"
2,TnP,up_jer,0,-2.4,2.4,140.0,200.0,0.0,1.0,"0.977705306917"
2,TnP,down_jes,0,-2.4,2.4,140.0,200.0,0.0,1.0,"0.975837617211"
2,TnP,up_jes,0,-2.4,2.4,140.0,200.0,0.0,1.0,"0.976619612974"
2,TnP,down_bdecay,0,-2.4,2.4,140.0,200.0,0.0,1.0,"0.976164357122"
2,TnP,up_bdecay,0,-2.4,2.4,140.0,200.0,0.0,1.0,"0.976292873063"
2,TnP,down_bkg,0,-2.4,2.4,140.0,200.0,0.0,1.0,"0.974914629104"
2,TnP,up_bkg,0,-2.4,2.4,140.0,200.0,0.0,1.0,"0.97754260108"
2,TnP,down_isr,0,-2.4,2.4,140.0,200.0,0.0,1.0,"0.97452378445"
2,TnP,up_isr,0,-2.4,2.4,140.0,200.0,0.0,1.0,"0.977933445735"
2,TnP,down_fsr,0,-2.4,2.4,140.0,200.0,0.0,1.0,"0.97401514058"
2,TnP,up_fsr,0,-2.4,2.4,140.0,200.0,0.0,1.0,"0.978442089605"
2,TnP,down_mescales,0,-2.4,2.4,140.0,200.0,0.0,1.0,"0.973993845582"
2,TnP,up_mescales,0,-2.4,2.4,140.0,200.0,0.0,1.0,"0.978463384603"
2,TnP,down_hdamp,0,-2.4,2.4,140.0,200.0,0.0,1.0,"0.976008820961"
2,TnP,up_hdamp,0,-2.4,2.4,140.0,200.0,0.0,1.0,"0.976448409223"
2,TnP,down_bfragmentation,0,-2.4,2.4,140.0,200.0,0.0,1.0,"0.976158186091"
2,TnP,up_bfragmentation,0,-2.4,2.4,140.0,200.0,0.0,1.0,"0.976299044094"
2,TnP,down_statistic,0,-2.4,2.4,140.0,200.0,0.0,1.0,"0.972586843513"
2,TnP,up_statistic,0,-2.4,2.4,140.0,200.0,0.0,1.0,"0.979870386671"
2,TnP,down_pileup,0,-2.4,2.4,140.0,200.0,0.0,1.0,"0.975152188084"
2,TnP,up_pileup,0,-2.4,2.4,140.0,200.0,0.0,1.0,"0.977305042101"
2,TnP,down_topmass,0,-2.4,2.4,140.0,200.0,0.0,1.0,"0.97442453934"
2,TnP,up_topmass,0,-2.4,2.4,140.0,200.0,0.0,1.0,"0.978032690845"
2,TnP,down_tune,0,-2.4,2.4,140.0,200.0,0.0,1.0,"0.975898742945"
2,TnP,up_tune,0,-2.4,2.4,140.0,200.0,0.0,1.0,"0.97655848724"
2,TnP,central,0,-2.4,2.4,200.0,300.0,0.0,1.0,"0.992975082621"
2,TnP,down,0,-2.4,2.4,200.0,300.0,0.0,1.0,"0.969865628385"
2,TnP,up,0,-2.4,2.4,200.0,300.0,0.0,1.0,"1.01608453686"
2,TnP,down_jer,0,-2.4,2.4,200.0,300.0,0.0,1.0,"0.992625705807"
2,TnP,up_jer,0,-2.4,2.4,200.0,300.0,0.0,1.0,"0.993324459435"
2,TnP,down_jes,0,-2.4,2.4,200.0,300.0,0.0,1.0,"0.992079101161"
2,TnP,up_jes,0,-2.4,2.4,200.0,300.0,0.0,1.0,"0.993871064081"
2,TnP,down_bdecay,0,-2.4,2.4,200.0,300.0,0.0,1.0,"0.992871702116"
2,TnP,up_bdecay,0,-2.4,2.4,200.0,300.0,0.0,1.0,"0.993078463125"
2,TnP,down_bkg,0,-2.4,2.4,200.0,300.0,0.0,1.0,"0.990799681607"
2,TnP,up_bkg,0,-2.4,2.4,200.0,300.0,0.0,1.0,"0.995150483634"
2,TnP,down_isr,0,-2.4,2.4,200.0,300.0,0.0,1.0,"0.98871597646"
2,TnP,up_isr,0,-2.4,2.4,200.0,300.0,0.0,1.0,"0.997234188781"
2,TnP,down_fsr,0,-2.4,2.4,200.0,300.0,0.0,1.0,"0.991618525919"
2,TnP,up_fsr,0,-2.4,2.4,200.0,300.0,0.0,1.0,"0.994331639322"
2,TnP,down_mescales,0,-2.4,2.4,200.0,300.0,0.0,1.0,"0.991530162972"
2,TnP,up_mescales,0,-2.4,2.4,200.0,300.0,0.0,1.0,"0.99442000227"
2,TnP,down_hdamp,0,-2.4,2.4,200.0,300.0,0.0,1.0,"0.992587609238"
2,TnP,up_hdamp,0,-2.4,2.4,200.0,300.0,0.0,1.0,"0.993362556003"
2,TnP,down_bfragmentation,0,-2.4,2.4,200.0,300.0,0.0,1.0,"0.992885471064"
2,TnP,up_bfragmentation,0,-2.4,2.4,200.0,300.0,0.0,1.0,"0.993064694178"
2,TnP,down_statistic,0,-2.4,2.4,200.0,300.0,0.0,1.0,"0.987344965946"
2,TnP,up_statistic,0,-2.4,2.4,200.0,300.0,0.0,1.0,"0.998605199296"
2,TnP,down_pileup,0,-2.4,2.4,200.0,300.0,0.0,1.0,"0.992312374344"
2,TnP,up_pileup,0,-2.4,2.4,200.0,300.0,0.0,1.0,"0.993637790897"
2,TnP,down_topmass,0,-2.4,2.4,200.0,300.0,0.0,1.0,"0.990764009372"
2,TnP,up_topmass,0,-2.4,2.4,200.0,300.0,0.0,1.0,"0.995186155869"
2,TnP,down_tune,0,-2.4,2.4,200.0,300.0,0.0,1.0,"0.992602569887"
2,TnP,up_tune,0,-2.4,2.4,200.0,300.0,0.0,1.0,"0.993347595354"
2,TnP,central,0,-2.4,2.4,300.0,600.0,0.0,1.0,"0.923550595134"
2,TnP,down,0,-2.4,2.4,300.0,600.0,0.0,1.0,"0.831099512323"
2,TnP,up,0,-2.4,2.4,300.0,600.0,0.0,1.0,"1.01600167795"
2,TnP,down_jer,0,-2.4,2.4,300.0,600.0,0.0,1.0,"0.922328108535"
2,TnP,up_jer,0,-2.4,2.4,300.0,600.0,0.0,1.0,"0.924773081733"
2,TnP,down_jes,0,-2.4,2.4,300.0,600.0,0.0,1.0,"0.91991790722"
2,TnP,up_jes,0,-2.4,2.4,300.0,600.0,0.0,1.0,"0.927183283048"
2,TnP,down_bdecay,0,-2.4,2.4,300.0,600.0,0.0,1.0,"0.923260969356"
2,TnP,up_bdecay,0,-2.4,2.4,300.0,600.0,0.0,1.0,"0.923840220913"
2,TnP,down_bkg,0,-2.4,2.4,300.0,600.0,0.0,1.0,"0.91761692149"
2,TnP,up_bkg,0,-2.4,2.4,300.0,600.0,0.0,1.0,"0.929484268778"
2,TnP,down_isr,0,-2.4,2.4,300.0,600.0,0.0,1.0,"0.917021994964"
2,TnP,up_isr,0,-2.4,2.4,300.0,600.0,0.0,1.0,"0.930079195304"
2,TnP,down_fsr,0,-2.4,2.4,300.0,600.0,0.0,1.0,"0.921852776687"
2,TnP,up_fsr,0,-2.4,2.4,300.0,600.0,0.0,1.0,"0.925248413581"
2,TnP,down_mescales,0,-2.4,2.4,300.0,600.0,0.0,1.0,"0.921491296067"
2,TnP,up_mescales,0,-2.4,2.4,300.0,600.0,0.0,1.0,"0.925609894201"
2,TnP,down_hdamp,0,-2.4,2.4,300.0,600.0,0.0,1.0,"0.923285041224"
2,TnP,up_hdamp,0,-2.4,2.4,300.0,600.0,0.0,1.0,"0.923816149044"
2,TnP,down_bfragmentation,0,-2.4,2.4,300.0,600.0,0.0,1.0,"0.922796285095"
2,TnP,up_bfragmentation,0,-2.4,2.4,300.0,600.0,0.0,1.0,"0.924304905173"
2,TnP,down_statistic,0,-2.4,2.4,300.0,600.0,0.0,1.0,"0.906401301522"
2,TnP,up_statistic,0,-2.4,2.4,300.0,600.0,0.0,1.0,"0.940699888746"
2,TnP,down_pileup,0,-2.4,2.4,300.0,600.0,0.0,1.0,"0.921880487841"
2,TnP,up_pileup,0,-2.4,2.4,300.0,600.0,0.0,1.0,"0.925220702427"
2,TnP,down_topmass,0,-2.4,2.4,300.0,600.0,0.0,1.0,"0.910424567905"
2,TnP,up_topmass,0,-2.4,2.4,300.0,600.0,0.0,1.0,"0.936676622363"
2,TnP,down_tune,0,-2.4,2.4,300.0,600.0,0.0,1.0,"0.921373210386"
2,TnP,up_tune,0,-2.4,2.4,300.0,600.0,0.0,1.0,"0.925727979882"
